[{"model": "admin.logentry", "pk": 1, "fields": {"action_time": "2021-02-24T12:31:49.718Z", "user": 1, "content_type": 7, "object_id": "1", "object_repr": "wildmile.example.com", "action_flag": 2, "change_message": "[{\"changed\": {\"fields\": [\"Domain name\", \"Display name\"]}}]"}}, {"model": "admin.logentry", "pk": 2, "fields": {"action_time": "2021-02-24T12:41:38.480Z", "user": 1, "content_type": 8, "object_id": "1", "object_repr": "jamie120@hotmail.com", "action_flag": 1, "change_message": "[{\"added\": {}}]"}}, {"model": "admin.logentry", "pk": 3, "fields": {"action_time": "2021-02-25T12:38:50.559Z", "user": 1, "content_type": 14, "object_id": "6", "object_repr": "Wild Mild Baseball Cap", "action_flag": 2, "change_message": "[{\"changed\": {\"fields\": [\"Name\", \"Price\", \"Image\"]}}]"}}, {"model": "admin.logentry", "pk": 4, "fields": {"action_time": "2021-02-25T12:40:28.587Z", "user": 1, "content_type": 14, "object_id": "6", "object_repr": "Wild Mile Baseball Cap", "action_flag": 2, "change_message": "[{\"changed\": {\"fields\": [\"Name\"]}}]"}}, {"model": "admin.logentry", "pk": 5, "fields": {"action_time": "2021-02-25T12:41:08.410Z", "user": 1, "content_type": 14, "object_id": "5", "object_repr": "Wild Mile Crewneck", "action_flag": 2, "change_message": "[{\"changed\": {\"fields\": [\"Name\", \"Description\", \"Price\", \"Image\"]}}]"}}, {"model": "admin.logentry", "pk": 6, "fields": {"action_time": "2021-02-25T12:41:34.789Z", "user": 1, "content_type": 14, "object_id": "4", "object_repr": "Wild Mile Coffee Mug", "action_flag": 2, "change_message": "[{\"changed\": {\"fields\": [\"Category\", \"Name\", \"Price\", \"Image\"]}}]"}}, {"model": "admin.logentry", "pk": 7, "fields": {"action_time": "2021-02-25T12:42:09.332Z", "user": 1, "content_type": 14, "object_id": "3", "object_repr": "Wild Mile T-Shirt", "action_flag": 2, "change_message": "[{\"changed\": {\"fields\": [\"Name\", \"Price\", \"Image\"]}}]"}}, {"model": "admin.logentry", "pk": 8, "fields": {"action_time": "2021-02-25T12:42:16.978Z", "user": 1, "content_type": 14, "object_id": "2", "object_repr": "Liz Claiborne Audra Classic Fit Straight Leg Pants", "action_flag": 3, "change_message": ""}}, {"model": "admin.logentry", "pk": 9, "fields": {"action_time": "2021-02-25T12:42:20.135Z", "user": 1, "content_type": 14, "object_id": "1", "object_repr": "Arizona Original Bootcut Jeans", "action_flag": 3, "change_message": ""}}, {"model": "admin.logentry", "pk": 10, "fields": {"action_time": "2021-02-25T13:59:48.595Z", "user": 1, "content_type": 17, "object_id": "1", "object_repr": "Electric object (1)", "action_flag": 1, "change_message": "[{\"added\": {}}]"}}, {"model": "admin.logentry", "pk": 11, "fields": {"action_time": "2021-02-25T14:00:10.082Z", "user": 1, "content_type": 17, "object_id": "1", "object_repr": "Electric object (1)", "action_flag": 2, "change_message": "[{\"changed\": {\"fields\": [\"Usb sockets\", \"Leisure battery\", \"Split charge relay\", \"Solar panel\"]}}]"}}, {"model": "admin.logentry", "pk": 12, "fields": {"action_time": "2021-02-25T14:06:29.851Z", "user": 1, "content_type": 17, "object_id": "2", "object_repr": "12V Electrics", "action_flag": 1, "change_message": "[{\"added\": {}}]"}}, {"model": "admin.logentry", "pk": 13, "fields": {"action_time": "2021-02-25T14:06:36.262Z", "user": 1, "content_type": 17, "object_id": "1", "object_repr": "default", "action_flag": 3, "change_message": ""}}, {"model": "admin.logentry", "pk": 14, "fields": {"action_time": "2021-02-25T14:06:47.313Z", "user": 1, "content_type": 17, "object_id": "3", "object_repr": "Mains Electric", "action_flag": 1, "change_message": "[{\"added\": {}}]"}}, {"model": "admin.logentry", "pk": 15, "fields": {"action_time": "2021-02-25T14:09:19.064Z", "user": 1, "content_type": 15, "object_id": "1", "object_repr": "Test item", "action_flag": 1, "change_message": "[{\"added\": {}}]"}}, {"model": "admin.logentry", "pk": 16, "fields": {"action_time": "2021-02-25T14:09:27.030Z", "user": 1, "content_type": 15, "object_id": "1", "object_repr": "Test item", "action_flag": 2, "change_message": "[{\"changed\": {\"fields\": [\"Electrics\"]}}]"}}, {"model": "admin.logentry", "pk": 17, "fields": {"action_time": "2021-02-25T14:17:52.501Z", "user": 1, "content_type": 17, "object_id": "4", "object_repr": "USB Sockets", "action_flag": 1, "change_message": "[{\"added\": {}}]"}}, {"model": "admin.logentry", "pk": 18, "fields": {"action_time": "2021-02-25T14:18:01.465Z", "user": 1, "content_type": 17, "object_id": "5", "object_repr": "Leisure Battery", "action_flag": 1, "change_message": "[{\"added\": {}}]"}}, {"model": "admin.logentry", "pk": 19, "fields": {"action_time": "2021-02-25T14:18:09.293Z", "user": 1, "content_type": 17, "object_id": "6", "object_repr": "Split Charge Relay", "action_flag": 1, "change_message": "[{\"added\": {}}]"}}, {"model": "admin.logentry", "pk": 20, "fields": {"action_time": "2021-02-25T14:18:15.951Z", "user": 1, "content_type": 17, "object_id": "7", "object_repr": "Solar Panel", "action_flag": 1, "change_message": "[{\"added\": {}}]"}}, {"model": "admin.logentry", "pk": 21, "fields": {"action_time": "2021-02-25T14:18:20.672Z", "user": 1, "content_type": 17, "object_id": "8", "object_repr": "Inverter", "action_flag": 1, "change_message": "[{\"added\": {}}]"}}, {"model": "admin.logentry", "pk": 22, "fields": {"action_time": "2021-02-25T14:18:30.094Z", "user": 1, "content_type": 17, "object_id": "9", "object_repr": "240v Electrics", "action_flag": 1, "change_message": "[{\"added\": {}}]"}}, {"model": "admin.logentry", "pk": 23, "fields": {"action_time": "2021-02-25T14:18:41.465Z", "user": 1, "content_type": 17, "object_id": "10", "object_repr": "240v Mains Charger", "action_flag": 1, "change_message": "[{\"added\": {}}]"}}, {"model": "admin.logentry", "pk": 24, "fields": {"action_time": "2021-02-25T14:18:49.891Z", "user": 1, "content_type": 17, "object_id": "11", "object_repr": "240v Sign Off", "action_flag": 1, "change_message": "[{\"added\": {}}]"}}, {"model": "admin.logentry", "pk": 25, "fields": {"action_time": "2021-02-25T14:19:11.332Z", "user": 1, "content_type": 15, "object_id": "1", "object_repr": "Test item", "action_flag": 2, "change_message": "[{\"changed\": {\"fields\": [\"Electrics\"]}}]"}}, {"model": "admin.logentry", "pk": 26, "fields": {"action_time": "2021-02-25T14:19:56.594Z", "user": 1, "content_type": 15, "object_id": "1", "object_repr": "Test item", "action_flag": 2, "change_message": "[{\"changed\": {\"fields\": [\"Images\"]}}]"}}, {"model": "admin.logentry", "pk": 27, "fields": {"action_time": "2021-02-26T08:33:04.819Z", "user": 1, "content_type": 15, "object_id": "1", "object_repr": "Mary Jane", "action_flag": 2, "change_message": "[{\"changed\": {\"fields\": [\"Name\", \"Vehicle description\", \"Conversion description\", \"Price\", \"Electrics\"]}}]"}}, {"model": "admin.logentry", "pk": 28, "fields": {"action_time": "2021-02-26T09:49:40.040Z", "user": 1, "content_type": 15, "object_id": "1", "object_repr": "Mary Jane", "action_flag": 2, "change_message": "[{\"added\": {\"name\": \"conversion image\", \"object\": \"Mary Jane\"}}, {\"added\": {\"name\": \"conversion image\", \"object\": \"Mary Jane\"}}, {\"added\": {\"name\": \"conversion image\", \"object\": \"Mary Jane\"}}, {\"added\": {\"name\": \"conversion image\", \"object\": \"Mary Jane\"}}, {\"added\": {\"name\": \"conversion image\", \"object\": \"Mary Jane\"}}, {\"added\": {\"name\": \"conversion image\", \"object\": \"Mary Jane\"}}]"}}, {"model": "admin.logentry", "pk": 29, "fields": {"action_time": "2021-02-26T10:45:17.946Z", "user": 1, "content_type": 15, "object_id": "1", "object_repr": "Mary Jane", "action_flag": 2, "change_message": "[{\"added\": {\"name\": \"conversion image\", \"object\": \"Mary Jane\"}}, {\"changed\": {\"name\": \"conversion image\", \"object\": \"Mary Jane\", \"fields\": [\"Image\"]}}, {\"changed\": {\"name\": \"conversion image\", \"object\": \"Mary Jane\", \"fields\": [\"Image\"]}}]"}}, {"model": "admin.logentry", "pk": 30, "fields": {"action_time": "2021-02-26T13:28:16.108Z", "user": 1, "content_type": 15, "object_id": "1", "object_repr": "Mary Jane", "action_flag": 2, "change_message": "[{\"deleted\": {\"name\": \"conversion image\", \"object\": \"Mary Jane\"}}]"}}, {"model": "admin.logentry", "pk": 31, "fields": {"action_time": "2021-02-26T14:08:13.543Z", "user": 1, "content_type": 15, "object_id": "2", "object_repr": "Test item", "action_flag": 1, "change_message": "[{\"added\": {}}, {\"added\": {\"name\": \"conversion image\", \"object\": \"Test item\"}}, {\"added\": {\"name\": \"conversion image\", \"object\": \"Test item\"}}, {\"added\": {\"name\": \"conversion image\", \"object\": \"Test item\"}}]"}}, {"model": "admin.logentry", "pk": 32, "fields": {"action_time": "2021-02-26T15:16:17.704Z", "user": 1, "content_type": 15, "object_id": "1", "object_repr": "Mary Jane", "action_flag": 2, "change_message": "[{\"changed\": {\"fields\": [\"Main image\"]}}]"}}, {"model": "admin.logentry", "pk": 33, "fields": {"action_time": "2021-02-26T15:16:39.785Z", "user": 1, "content_type": 15, "object_id": "2", "object_repr": "Test item", "action_flag": 2, "change_message": "[{\"changed\": {\"fields\": [\"Main image\"]}}]"}}, {"model": "admin.logentry", "pk": 34, "fields": {"action_time": "2021-02-27T08:28:47.771Z", "user": 1, "content_type": 14, "object_id": "3", "object_repr": "Wild Mile T-Shirt", "action_flag": 2, "change_message": "[{\"changed\": {\"fields\": [\"Category\"]}}]"}}, {"model": "admin.logentry", "pk": 35, "fields": {"action_time": "2021-02-27T08:28:51.361Z", "user": 1, "content_type": 14, "object_id": "4", "object_repr": "Wild Mile Coffee Mug", "action_flag": 2, "change_message": "[]"}}, {"model": "admin.logentry", "pk": 36, "fields": {"action_time": "2021-02-27T08:28:54.925Z", "user": 1, "content_type": 14, "object_id": "5", "object_repr": "Wild Mile Crewneck", "action_flag": 2, "change_message": "[]"}}, {"model": "admin.logentry", "pk": 37, "fields": {"action_time": "2021-02-27T08:28:57.942Z", "user": 1, "content_type": 14, "object_id": "6", "object_repr": "Wild Mile Baseball Cap", "action_flag": 2, "change_message": "[]"}}, {"model": "admin.logentry", "pk": 38, "fields": {"action_time": "2021-02-27T08:29:16.139Z", "user": 1, "content_type": 13, "object_id": "1", "object_repr": "clothing", "action_flag": 2, "change_message": "[{\"changed\": {\"fields\": [\"Name\"]}}]"}}, {"model": "admin.logentry", "pk": 39, "fields": {"action_time": "2021-02-27T08:29:21.892Z", "user": 1, "content_type": 14, "object_id": "3", "object_repr": "Wild Mile T-Shirt", "action_flag": 2, "change_message": "[]"}}, {"model": "admin.logentry", "pk": 40, "fields": {"action_time": "2021-02-27T08:42:28.440Z", "user": 1, "content_type": 16, "object_id": "1", "object_repr": "CamperConversions", "action_flag": 1, "change_message": "[{\"added\": {}}]"}}, {"model": "admin.logentry", "pk": 41, "fields": {"action_time": "2021-02-27T08:42:52.872Z", "user": 1, "content_type": 16, "object_id": "2", "object_repr": "mobile_bars_and_catering", "action_flag": 1, "change_message": "[{\"added\": {}}]"}}, {"model": "admin.logentry", "pk": 42, "fields": {"action_time": "2021-02-27T08:43:02.691Z", "user": 1, "content_type": 16, "object_id": "1", "object_repr": "camper_conversions", "action_flag": 2, "change_message": "[{\"changed\": {\"fields\": [\"Name\"]}}]"}}, {"model": "admin.logentry", "pk": 43, "fields": {"action_time": "2021-02-27T08:45:28.340Z", "user": 1, "content_type": 15, "object_id": "1", "object_repr": "Mary Jane", "action_flag": 2, "change_message": "[{\"changed\": {\"fields\": [\"Category\"]}}]"}}, {"model": "admin.logentry", "pk": 44, "fields": {"action_time": "2021-02-27T08:45:44.279Z", "user": 1, "content_type": 15, "object_id": "2", "object_repr": "Test item - Bar conversion", "action_flag": 2, "change_message": "[{\"changed\": {\"fields\": [\"Category\", \"Name\"]}}]"}}, {"model": "admin.logentry", "pk": 45, "fields": {"action_time": "2021-02-27T08:46:24.657Z", "user": 1, "content_type": 16, "object_id": "1", "object_repr": "camper_conversion", "action_flag": 2, "change_message": "[{\"changed\": {\"fields\": [\"Name\"]}}]"}}, {"model": "admin.logentry", "pk": 46, "fields": {"action_time": "2021-02-27T08:50:38.856Z", "user": 1, "content_type": 16, "object_id": "2", "object_repr": "mobile_bars_&_catering", "action_flag": 2, "change_message": "[{\"changed\": {\"fields\": [\"Name\"]}}]"}}, {"model": "admin.logentry", "pk": 47, "fields": {"action_time": "2021-02-27T08:52:10.276Z", "user": 1, "content_type": 16, "object_id": "2", "object_repr": "mobile_bars_and_catering", "action_flag": 2, "change_message": "[{\"changed\": {\"fields\": [\"Name\"]}}]"}}, {"model": "admin.logentry", "pk": 48, "fields": {"action_time": "2021-03-02T10:00:42.044Z", "user": 1, "content_type": 14, "object_id": "3", "object_repr": "Wild Mile T-Shirt", "action_flag": 2, "change_message": "[{\"changed\": {\"fields\": [\"Has sizes\"]}}]"}}, {"model": "admin.logentry", "pk": 49, "fields": {"action_time": "2021-03-02T10:00:48.951Z", "user": 1, "content_type": 14, "object_id": "5", "object_repr": "Wild Mile Crewneck", "action_flag": 2, "change_message": "[{\"changed\": {\"fields\": [\"Has sizes\"]}}]"}}, {"model": "admin.logentry", "pk": 50, "fields": {"action_time": "2021-03-03T09:57:48.018Z", "user": 1, "content_type": 15, "object_id": "1", "object_repr": "Mary Jane", "action_flag": 2, "change_message": "[{\"changed\": {\"fields\": [\"Listing title\", \"Phone number\", \"Vehicle make and model\", \"Year\", \"Transmission type\", \"Vehicle width\", \"Vehicle height\", \"Belted seats\", \"Beds description\", \"Gas sign off\", \"Unladen weight\"]}}]"}}, {"model": "admin.logentry", "pk": 51, "fields": {"action_time": "2021-03-03T09:58:15.660Z", "user": 1, "content_type": 15, "object_id": "2", "object_repr": "Test 4", "action_flag": 2, "change_message": "[{\"changed\": {\"fields\": [\"Listing title\", \"Name\", \"Phone number\", \"Year\", \"Vehicle width\", \"Vehicle height\", \"Beds description\", \"Gas sign off\"]}}]"}}, {"model": "admin.logentry", "pk": 52, "fields": {"action_time": "2021-03-03T13:15:32.041Z", "user": 1, "content_type": 15, "object_id": "9", "object_repr": "HOMEPOD", "action_flag": 3, "change_message": ""}}, {"model": "admin.logentry", "pk": 53, "fields": {"action_time": "2021-03-03T13:15:32.067Z", "user": 1, "content_type": 15, "object_id": "8", "object_repr": "HOMEPOD", "action_flag": 3, "change_message": ""}}, {"model": "admin.logentry", "pk": 54, "fields": {"action_time": "2021-03-03T13:27:55.611Z", "user": 1, "content_type": 15, "object_id": "6", "object_repr": "Mary Jane 2", "action_flag": 3, "change_message": ""}}, {"model": "admin.logentry", "pk": 55, "fields": {"action_time": "2021-03-03T13:27:55.658Z", "user": 1, "content_type": 15, "object_id": "5", "object_repr": "Mary Jane 2", "action_flag": 3, "change_message": ""}}, {"model": "admin.logentry", "pk": 56, "fields": {"action_time": "2021-03-03T13:27:55.698Z", "user": 1, "content_type": 15, "object_id": "4", "object_repr": "Mary Jane 2", "action_flag": 3, "change_message": ""}}, {"model": "admin.logentry", "pk": 57, "fields": {"action_time": "2021-03-03T13:27:55.738Z", "user": 1, "content_type": 15, "object_id": "3", "object_repr": "Mary Jane 2", "action_flag": 3, "change_message": ""}}, {"model": "admin.logentry", "pk": 58, "fields": {"action_time": "2021-03-03T14:56:44.980Z", "user": 1, "content_type": 15, "object_id": "1", "object_repr": "Mary Jane", "action_flag": 2, "change_message": "[{\"changed\": {\"fields\": [\"Is active\"]}}]"}}, {"model": "admin.logentry", "pk": 59, "fields": {"action_time": "2021-03-03T16:08:43.312Z", "user": 1, "content_type": 15, "object_id": "7", "object_repr": "Mary Jane 2", "action_flag": 2, "change_message": "[{\"changed\": {\"fields\": [\"Electrics\", \"Is active\"]}}]"}}, {"model": "admin.logentry", "pk": 60, "fields": {"action_time": "2021-03-03T16:08:49.515Z", "user": 1, "content_type": 15, "object_id": "2", "object_repr": "Test 4", "action_flag": 2, "change_message": "[{\"changed\": {\"fields\": [\"Is active\"]}}]"}}, {"model": "admin.logentry", "pk": 61, "fields": {"action_time": "2021-03-03T16:08:54.250Z", "user": 1, "content_type": 15, "object_id": "1", "object_repr": "Mary Jane", "action_flag": 2, "change_message": "[{\"changed\": {\"fields\": [\"Is active\"]}}]"}}, {"model": "admin.logentry", "pk": 62, "fields": {"action_time": "2021-03-03T16:08:57.807Z", "user": 1, "content_type": 15, "object_id": "2", "object_repr": "Test 4", "action_flag": 2, "change_message": "[]"}}, {"model": "admin.logentry", "pk": 63, "fields": {"action_time": "2021-03-03T16:13:40.650Z", "user": 1, "content_type": 15, "object_id": "7", "object_repr": "Mary Jane 2", "action_flag": 2, "change_message": "[{\"changed\": {\"fields\": [\"Is active\"]}}]"}}, {"model": "admin.logentry", "pk": 64, "fields": {"action_time": "2021-03-03T16:22:26.507Z", "user": 1, "content_type": 15, "object_id": "7", "object_repr": "Mary Jane 2", "action_flag": 2, "change_message": "[{\"changed\": {\"fields\": [\"Is active\"]}}]"}}, {"model": "admin.logentry", "pk": 65, "fields": {"action_time": "2021-03-03T16:24:52.277Z", "user": 1, "content_type": 15, "object_id": "7", "object_repr": "Mary Jane 2", "action_flag": 2, "change_message": "[{\"changed\": {\"fields\": [\"Is active\"]}}]"}}, {"model": "admin.logentry", "pk": 66, "fields": {"action_time": "2021-03-03T16:26:02.266Z", "user": 1, "content_type": 15, "object_id": "2", "object_repr": "Test 4", "action_flag": 2, "change_message": "[{\"changed\": {\"fields\": [\"Is active\"]}}]"}}, {"model": "admin.logentry", "pk": 67, "fields": {"action_time": "2021-03-05T11:00:23.540Z", "user": 1, "content_type": 19, "object_id": "12", "object_repr": "0175496ED3D747459693E2CD6638C537", "action_flag": 3, "change_message": ""}}, {"model": "admin.logentry", "pk": 68, "fields": {"action_time": "2021-03-05T11:00:23.569Z", "user": 1, "content_type": 19, "object_id": "11", "object_repr": "F78BCFB5D2B64FFDB600E8A21D26B719", "action_flag": 3, "change_message": ""}}, {"model": "admin.logentry", "pk": 69, "fields": {"action_time": "2021-03-05T11:00:23.593Z", "user": 1, "content_type": 19, "object_id": "10", "object_repr": "455CD9E4E66C4E4187020B5482618EC4", "action_flag": 3, "change_message": ""}}, {"model": "admin.logentry", "pk": 70, "fields": {"action_time": "2021-03-05T11:00:23.616Z", "user": 1, "content_type": 19, "object_id": "8", "object_repr": "F6F0CCF0ACFE4E6F986E0CDBF3CC7286", "action_flag": 3, "change_message": ""}}, {"model": "admin.logentry", "pk": 71, "fields": {"action_time": "2021-03-05T11:00:23.637Z", "user": 1, "content_type": 19, "object_id": "6", "object_repr": "83B0420E89A345D1AE5A86293F120882", "action_flag": 3, "change_message": ""}}, {"model": "admin.logentry", "pk": 72, "fields": {"action_time": "2021-03-05T11:00:23.658Z", "user": 1, "content_type": 19, "object_id": "5", "object_repr": "1A49B8FEEEE54C0FB80EFE44C0F335F5", "action_flag": 3, "change_message": ""}}, {"model": "admin.logentry", "pk": 73, "fields": {"action_time": "2021-03-05T11:00:23.678Z", "user": 1, "content_type": 19, "object_id": "4", "object_repr": "1709D37D0CC542BDA16C345D50174EEB", "action_flag": 3, "change_message": ""}}, {"model": "admin.logentry", "pk": 74, "fields": {"action_time": "2021-03-05T11:00:23.698Z", "user": 1, "content_type": 19, "object_id": "3", "object_repr": "917BAA945BFE4DFEB306CA056C5EF449", "action_flag": 3, "change_message": ""}}, {"model": "admin.logentry", "pk": 75, "fields": {"action_time": "2021-03-05T11:00:23.729Z", "user": 1, "content_type": 19, "object_id": "2", "object_repr": "94A106EFEB6C4B2A815B4D2021110D0A", "action_flag": 3, "change_message": ""}}, {"model": "admin.logentry", "pk": 76, "fields": {"action_time": "2021-03-05T11:00:23.750Z", "user": 1, "content_type": 19, "object_id": "1", "object_repr": "25F24C620C8C477F97C2D47F920F57A4", "action_flag": 3, "change_message": ""}}, {"model": "admin.logentry", "pk": 77, "fields": {"action_time": "2021-03-05T11:01:28.589Z", "user": 1, "content_type": 4, "object_id": "1", "object_repr": "admin", "action_flag": 2, "change_message": "[{\"changed\": {\"fields\": [\"First name\", \"Last name\"]}}]"}}, {"model": "admin.logentry", "pk": 78, "fields": {"action_time": "2021-03-05T11:22:08.890Z", "user": 1, "content_type": 19, "object_id": "20", "object_repr": "5CA2958731EC4B77BF6C22BF69C5EB6E", "action_flag": 2, "change_message": "[{\"changed\": {\"fields\": [\"User profile\"]}}]"}}, {"model": "admin.logentry", "pk": 79, "fields": {"action_time": "2021-03-06T11:41:44.698Z", "user": 1, "content_type": 21, "object_id": "1", "object_repr": "admin", "action_flag": 2, "change_message": "[{\"added\": {\"name\": \"saved listings\", \"object\": \"SavedListings object (1)\"}}]"}}, {"model": "admin.logentry", "pk": 80, "fields": {"action_time": "2021-03-06T11:45:11.556Z", "user": 1, "content_type": 21, "object_id": "1", "object_repr": "admin", "action_flag": 2, "change_message": "[{\"deleted\": {\"name\": \"saved listings\", \"object\": \"SavedListings object (None)\"}}]"}}, {"model": "admin.logentry", "pk": 81, "fields": {"action_time": "2021-03-06T11:48:02.725Z", "user": 1, "content_type": 21, "object_id": "1", "object_repr": "admin", "action_flag": 2, "change_message": "[{\"deleted\": {\"name\": \"saved listings\", \"object\": \"SavedListings object (None)\"}}, {\"deleted\": {\"name\": \"saved listings\", \"object\": \"SavedListings object (None)\"}}, {\"deleted\": {\"name\": \"saved listings\", \"object\": \"SavedListings object (None)\"}}]"}}, {"model": "admin.logentry", "pk": 82, "fields": {"action_time": "2021-03-06T11:50:33.405Z", "user": 1, "content_type": 21, "object_id": "1", "object_repr": "admin", "action_flag": 2, "change_message": "[{\"added\": {\"name\": \"saved listings\", \"object\": \"SavedListings object (5)\"}}]"}}, {"model": "admin.logentry", "pk": 83, "fields": {"action_time": "2021-03-06T11:54:55.844Z", "user": 1, "content_type": 21, "object_id": "1", "object_repr": "admin", "action_flag": 2, "change_message": "[{\"changed\": {\"name\": \"saved listings\", \"object\": \"SavedListings object (5)\", \"fields\": [\"Conversion\"]}}]"}}, {"model": "admin.logentry", "pk": 84, "fields": {"action_time": "2021-03-06T11:57:40.516Z", "user": 1, "content_type": 21, "object_id": "1", "object_repr": "admin", "action_flag": 2, "change_message": "[{\"added\": {\"name\": \"saved listings\", \"object\": \"SavedListings object (6)\"}}]"}}, {"model": "admin.logentry", "pk": 85, "fields": {"action_time": "2021-03-06T12:04:02.740Z", "user": 1, "content_type": 21, "object_id": "1", "object_repr": "admin", "action_flag": 2, "change_message": "[{\"changed\": {\"name\": \"saved listings\", \"object\": \"SavedListings object (5)\", \"fields\": [\"Status\"]}}, {\"changed\": {\"name\": \"saved listings\", \"object\": \"SavedListings object (6)\", \"fields\": [\"Status\"]}}, {\"changed\": {\"name\": \"saved listings\", \"object\": \"SavedListings object (7)\", \"fields\": [\"Status\"]}}]"}}, {"model": "admin.logentry", "pk": 86, "fields": {"action_time": "2021-03-06T12:04:11.929Z", "user": 1, "content_type": 21, "object_id": "1", "object_repr": "admin", "action_flag": 2, "change_message": "[{\"deleted\": {\"name\": \"saved listings\", \"object\": \"SavedListings object (None)\"}}, {\"deleted\": {\"name\": \"saved listings\", \"object\": \"SavedListings object (None)\"}}, {\"deleted\": {\"name\": \"saved listings\", \"object\": \"SavedListings object (None)\"}}]"}}, {"model": "admin.logentry", "pk": 87, "fields": {"action_time": "2021-03-06T12:14:10.930Z", "user": 1, "content_type": 21, "object_id": "1", "object_repr": "admin", "action_flag": 2, "change_message": "[{\"deleted\": {\"name\": \"saved listings\", \"object\": \"SavedListings object (None)\"}}, {\"deleted\": {\"name\": \"saved listings\", \"object\": \"SavedListings object (None)\"}}, {\"deleted\": {\"name\": \"saved listings\", \"object\": \"SavedListings object (None)\"}}]"}}, {"model": "admin.logentry", "pk": 88, "fields": {"action_time": "2021-03-06T12:15:28.664Z", "user": 1, "content_type": 21, "object_id": "1", "object_repr": "admin", "action_flag": 2, "change_message": "[{\"deleted\": {\"name\": \"saved listings\", \"object\": \"SavedListings object (None)\"}}]"}}, {"model": "admin.logentry", "pk": 89, "fields": {"action_time": "2021-03-06T12:20:14.358Z", "user": 1, "content_type": 21, "object_id": "1", "object_repr": "admin", "action_flag": 2, "change_message": "[{\"deleted\": {\"name\": \"saved listings\", \"object\": \"SavedListings object (None)\"}}, {\"deleted\": {\"name\": \"saved listings\", \"object\": \"SavedListings object (None)\"}}, {\"deleted\": {\"name\": \"saved listings\", \"object\": \"SavedListings object (None)\"}}, {\"deleted\": {\"name\": \"saved listings\", \"object\": \"SavedListings object (None)\"}}, {\"deleted\": {\"name\": \"saved listings\", \"object\": \"SavedListings object (None)\"}}]"}}, {"model": "admin.logentry", "pk": 90, "fields": {"action_time": "2021-03-06T12:21:26.617Z", "user": 1, "content_type": 21, "object_id": "1", "object_repr": "admin", "action_flag": 2, "change_message": "[{\"deleted\": {\"name\": \"saved listings\", \"object\": \"SavedListings object (None)\"}}, {\"deleted\": {\"name\": \"saved listings\", \"object\": \"SavedListings object (None)\"}}]"}}, {"model": "admin.logentry", "pk": 91, "fields": {"action_time": "2021-03-06T13:54:03.891Z", "user": 1, "content_type": 15, "object_id": "7", "object_repr": "Mary Jane 2", "action_flag": 2, "change_message": "[{\"changed\": {\"fields\": [\"User\"]}}]"}}, {"model": "admin.logentry", "pk": 92, "fields": {"action_time": "2021-03-06T13:54:09.661Z", "user": 1, "content_type": 15, "object_id": "2", "object_repr": "Test 4", "action_flag": 2, "change_message": "[{\"changed\": {\"fields\": [\"User\"]}}]"}}, {"model": "admin.logentry", "pk": 93, "fields": {"action_time": "2021-03-06T13:54:16.240Z", "user": 1, "content_type": 15, "object_id": "1", "object_repr": "Mary Jane", "action_flag": 2, "change_message": "[{\"changed\": {\"fields\": [\"User\"]}}]"}}, {"model": "admin.logentry", "pk": 94, "fields": {"action_time": "2021-03-09T14:16:28.245Z", "user": 1, "content_type": 15, "object_id": "15", "object_repr": "HOMEPOD", "action_flag": 2, "change_message": "[{\"changed\": {\"fields\": [\"Electrics\", \"Is active\"]}}]"}}, {"model": "admin.logentry", "pk": 95, "fields": {"action_time": "2021-03-10T08:38:49.872Z", "user": 1, "content_type": 13, "object_id": "4", "object_repr": "listing_fee", "action_flag": 1, "change_message": "[{\"added\": {}}]"}}, {"model": "admin.logentry", "pk": 96, "fields": {"action_time": "2021-03-10T08:41:05.235Z", "user": 1, "content_type": 14, "object_id": "7", "object_repr": "30 day Listing", "action_flag": 1, "change_message": "[{\"added\": {}}]"}}, {"model": "admin.logentry", "pk": 97, "fields": {"action_time": "2021-03-10T15:48:00.097Z", "user": 1, "content_type": 19, "object_id": "36", "object_repr": "B3F1B12F2FE34603B65AFF02A47220D7", "action_flag": 3, "change_message": ""}}, {"model": "admin.logentry", "pk": 98, "fields": {"action_time": "2021-03-10T15:48:04.146Z", "user": 1, "content_type": 19, "object_id": "35", "object_repr": "4F2442B7BB5049E0B23E0D7E891EDB66", "action_flag": 3, "change_message": ""}}, {"model": "admin.logentry", "pk": 99, "fields": {"action_time": "2021-03-11T10:56:48.032Z", "user": 1, "content_type": 21, "object_id": "1", "object_repr": "admin", "action_flag": 2, "change_message": "[{\"deleted\": {\"name\": \"saved listings\", \"object\": \"SavedListings object (None)\"}}, {\"deleted\": {\"name\": \"saved listings\", \"object\": \"SavedListings object (None)\"}}, {\"deleted\": {\"name\": \"saved listings\", \"object\": \"SavedListings object (None)\"}}, {\"deleted\": {\"name\": \"saved listings\", \"object\": \"SavedListings object (None)\"}}, {\"deleted\": {\"name\": \"saved listings\", \"object\": \"SavedListings object (None)\"}}, {\"deleted\": {\"name\": \"saved listings\", \"object\": \"SavedListings object (None)\"}}, {\"deleted\": {\"name\": \"saved listings\", \"object\": \"SavedListings object (None)\"}}]"}}, {"model": "admin.logentry", "pk": 100, "fields": {"action_time": "2021-03-11T10:58:57.632Z", "user": 1, "content_type": 21, "object_id": "1", "object_repr": "admin", "action_flag": 2, "change_message": "[{\"deleted\": {\"name\": \"saved listings\", \"object\": \"SavedListings object (None)\"}}, {\"deleted\": {\"name\": \"saved listings\", \"object\": \"SavedListings object (None)\"}}]"}}, {"model": "admin.logentry", "pk": 101, "fields": {"action_time": "2021-03-11T11:27:15.487Z", "user": 1, "content_type": 15, "object_id": "17", "object_repr": "HOMEPOD 2", "action_flag": 2, "change_message": "[{\"changed\": {\"fields\": [\"Unique ref\"]}}]"}}, {"model": "admin.logentry", "pk": 102, "fields": {"action_time": "2021-03-11T11:27:20.838Z", "user": 1, "content_type": 15, "object_id": "18", "object_repr": "test", "action_flag": 2, "change_message": "[{\"changed\": {\"fields\": [\"Unique ref\"]}}]"}}, {"model": "admin.logentry", "pk": 103, "fields": {"action_time": "2021-03-11T11:27:28.047Z", "user": 1, "content_type": 15, "object_id": "1", "object_repr": "Mary Jane", "action_flag": 2, "change_message": "[{\"changed\": {\"fields\": [\"Unique ref\"]}}]"}}, {"model": "admin.logentry", "pk": 104, "fields": {"action_time": "2021-03-11T11:28:12.069Z", "user": 1, "content_type": 15, "object_id": "2", "object_repr": "Rosie", "action_flag": 2, "change_message": "[{\"changed\": {\"fields\": [\"Unique ref\"]}}]"}}, {"model": "admin.logentry", "pk": 105, "fields": {"action_time": "2021-03-12T10:46:01.187Z", "user": 1, "content_type": 15, "object_id": "1", "object_repr": "Mary Jane", "action_flag": 2, "change_message": "[{\"changed\": {\"fields\": [\"Name\"]}}]"}}, {"model": "admin.logentry", "pk": 106, "fields": {"action_time": "2021-03-12T10:49:58.129Z", "user": 1, "content_type": 15, "object_id": "1", "object_repr": "Mary Jane", "action_flag": 2, "change_message": "[]"}}, {"model": "admin.logentry", "pk": 107, "fields": {"action_time": "2021-03-12T10:51:15.103Z", "user": 1, "content_type": 15, "object_id": "1", "object_repr": "Mary Jane", "action_flag": 2, "change_message": "[]"}}, {"model": "admin.logentry", "pk": 108, "fields": {"action_time": "2021-03-13T08:48:00.925Z", "user": 1, "content_type": 15, "object_id": "1", "object_repr": "Mary Jane", "action_flag": 2, "change_message": "[{\"changed\": {\"fields\": [\"Location\"]}}]"}}, {"model": "admin.logentry", "pk": 109, "fields": {"action_time": "2021-03-17T09:26:10.443Z", "user": 1, "content_type": 15, "object_id": "1", "object_repr": "Mary Jane", "action_flag": 2, "change_message": "[{\"changed\": {\"fields\": [\"Beds description\"]}}]"}}, {"model": "admin.logentry", "pk": 110, "fields": {"action_time": "2021-03-17T09:30:16.310Z", "user": 1, "content_type": 15, "object_id": "1", "object_repr": "Mary Jane", "action_flag": 2, "change_message": "[{\"changed\": {\"fields\": [\"Unladen weight verified\", \"Unladen weight\"]}}]"}}, {"model": "admin.logentry", "pk": 111, "fields": {"action_time": "2021-04-08T09:36:36.003Z", "user": 1, "content_type": 15, "object_id": "2", "object_repr": "Rosie", "action_flag": 2, "change_message": "[{\"changed\": {\"name\": \"post image\", \"object\": \"Rosie\", \"fields\": [\"Image\"]}}]"}}, {"model": "admin.logentry", "pk": 112, "fields": {"action_time": "2021-04-08T09:36:53.210Z", "user": 1, "content_type": 15, "object_id": "2", "object_repr": "Rosie", "action_flag": 2, "change_message": "[{\"deleted\": {\"name\": \"post image\", \"object\": \"Rosie\"}}]"}}, {"model": "admin.logentry", "pk": 113, "fields": {"action_time": "2021-04-08T10:39:21.095Z", "user": 1, "content_type": 15, "object_id": "2", "object_repr": "Rosie", "action_flag": 2, "change_message": "[{\"deleted\": {\"name\": \"post image\", \"object\": \"Rosie\"}}, {\"deleted\": {\"name\": \"post image\", \"object\": \"Rosie\"}}, {\"deleted\": {\"name\": \"post image\", \"object\": \"Rosie\"}}]"}}, {"model": "auth.user", "pk": 1, "fields": {"password": "pbkdf2_sha256$216000$b2ljf4wLx6yd$2u6ovD6jC0wm602HAydm4wKDpmTiIO9fa7PP0yCUGlw=", "last_login": "2021-04-09T08:56:47.525Z", "is_superuser": true, "username": "admin", "first_name": "Jamie", "last_name": "Rolls", "email": "jamie120@hotmail.com", "is_staff": true, "is_active": true, "date_joined": "2021-02-24T12:19:23Z", "groups": [], "user_permissions": []}}, {"model": "auth.user", "pk": 2, "fields": {"password": "pbkdf2_sha256$216000$es9P9IHXndqE$0DV69pl84txnexqRXLT7+9UFZQVMsd0PLCO6x9SoK7k=", "last_login": "2021-03-12T14:09:15.699Z", "is_superuser": false, "username": "test", "first_name": "", "last_name": "", "email": "test@test.com", "is_staff": false, "is_active": true, "date_joined": "2021-03-04T09:54:06.890Z", "groups": [], "user_permissions": []}}, {"model": "sessions.session", "pk": "51liu55gnoo6iz1n3hgmfc8oegtanzrn", "fields": {"session_data": "e30:1lHkd9:5J9muOFJ03o8uuYarLeGIt_bD8FzEd1yV_vS2qa9xN4", "expire_date": "2021-03-18T09:50:51.789Z"}}, {"model": "sessions.session", "pk": "51lmxtwstrffg9tdv5wtmhso3a3y8jye", "fields": {"session_data": ".eJxVjs1uhSAQhd9l1moYQSouu-8zEBgGpb2BBrRpc3PfvZrcRZuczfnJl3MH6459s0fjalOABRC6v5l39MH5KsK7y2sZqOS9Jj9ck-HZtuGtBL69Prf_AJtr24UNUkaFbKQnVJpOG0aKOFGIKEc9h8DoJBnPp5Q3wk_sx5kZhdYsLmjj1lLJlr8_U_2BRXTQ3BfblGOBZa8Hd-DdCssdbqntKa-2cuTKmfi8wHEcDUbXT0K6Xr0o7g1Nuj_PkJkVaY0Ij8cvP31Z9A:1lJzXf:aTj3VzFYU_Ggb1SYTl0S6tmrMOCNwuaco77aWg4kvwI", "expire_date": "2021-03-24T14:10:27.396Z"}}, {"model": "sessions.session", "pk": "5fkp5t6wb9r3ivo2qecrfas0iuq7l2mz", "fields": {"session_data": ".eJxVjMsKwjAURP8lawm5TRtal-79hpD7qI1KIk0LivjvNtCFwmxmznDeyod1mfxaZPaR1VGBOvxuGOgmqQK-hnTJmnJa5oi6XvROiz5nlvtp__4JplCmqmVrxxZksEjQOtoqNzRCRzyCbVzPLBAsDShbWhwMdoJNLwLGOTFVWqSUmJOX5yPOL3U0ny-zVT_s:1lUmDl:XhyfPlIhmiTRIU7iVjawDXRCWSnunRu_CZMPNLdK1F4", "expire_date": "2021-04-23T08:10:29.480Z"}}, {"model": "sessions.session", "pk": "90zle4fcpwds341mw8dgktggqdk8xhou", "fields": {"session_data": ".eJxVjMsKwjAURP8lawm5TRtal-79hpD7qI1KIk0LivjvNtCFwmxmznDeyod1mfxaZPaR1VGBOvxuGOgmqQK-hnTJmnJa5oi6XvROiz5nlvtp__4JplCmqmVrxxZksEjQOtoqNzRCRzyCbVzPLBAsDShbWhwMdoJNLwLGOTFVWqSUmJOX5yPOL3U0ny-zVT_s:1lUWle:Y-bpT21zBx2bWtHesZNXBMALpExrnjYSxZ6E539IHko", "expire_date": "2021-04-22T15:40:26.564Z"}}, {"model": "sessions.session", "pk": "9zre76dfwj0u1n9lrnra07ic6na7iasu", "fields": {"session_data": ".eJyrVkpKTFeyqlYyBhGZJam5xfFJlfHFmVWpIIGKYiUrEx2lXCUrw9paHSVTrIpywLK1tQCr8xjx:1lH2Sb:QVhVsfxuMFakGlyoTdb_XLN78JGz1cSy1GcttV_-WF0", "expire_date": "2021-03-16T10:41:01.423Z"}}, {"model": "sessions.session", "pk": "dtwrr8tuyq4hhohe1r3xbdtd5145ntrt", "fields": {"session_data": "eyJiYWciOnsiMyI6eyJpdGVtc19ieV9zaXplIjp7Im0iOjJ9fSwiNCI6MX19:1lH3aA:HWBKO68Z91hTyOWT1Xr9YVT412vTUajVhyPrqzmMH_M", "expire_date": "2021-03-16T11:52:54.026Z"}}, {"model": "sessions.session", "pk": "n3g5pwzunvgrjoizljgh5xlebtj1zpze", "fields": {"session_data": "e30:1lKmYK:8hUpDTWGoo0nxkbHYcGC-cdrq5E71gyMkiajX25eWHA", "expire_date": "2021-03-26T18:30:24.946Z"}}, {"model": "sessions.session", "pk": "o3ka0ab52o5hllzu6pcftb9y2f3wfuha", "fields": {"session_data": ".eJyNj8tqwzAQRX9FzNo2lh9K7F277xfEQegxcpQmUmpJpSHk3ysXL9pdYRiYB-fe-wAuUjzxFHDhVsMIFIrfOynUO7r1oM_Czb5S3sXFymp9qbZrqN68xsvr9vsHcBLhtGJ125qO4tBKRTum8qgbZWivtKFtw_ZaIxWtGiTm6uRQyx5ls0ekNWNYr9CAIVjvOH7d7HKHsS4giE_k1hkPY1wSFiDFDOMDdmu72BCtm3lKP8nQNM1AjSj7uhVlt-uwHFTPymxGDftOMUbX8B9JuGhj5tPnM6tes6qYMWTC4TAB5-eQPWzbCYq6aPpigpccQJNNktzE_YouEuMX8h9dEj25-7SQ7H-C4xGe38xQhAI:1lK0h7:dCzKMt0KZZaDXtbZvCpQABq0UfEaJ9ZBEktQlVEyOAo", "expire_date": "2021-03-24T15:24:17.910Z"}}, {"model": "sessions.session", "pk": "q2g7utbilbh0gc3u3dxg5vxskj2rno4x", "fields": {"session_data": ".eJxVjMsKwjAURP8lawm5TRtal-79hpD7qI1KIk0LivjvNtCFwmxmznDeyod1mfxaZPaR1VGBOvxuGOgmqQK-hnTJmnJa5oi6XvROiz5nlvtp__4JplCmqmVrxxZksEjQOtoqNzRCRzyCbVzPLBAsDShbWhwMdoJNLwLGOTFVWqSUmJOX5yPOL3U0ny-zVT_s:1lUUSf:KI23r6o7Ewcuj0Zehosb37hzXE9ClBkFUaIB2jwV1ew", "expire_date": "2021-04-22T13:12:41.517Z"}}, {"model": "sessions.session", "pk": "swe358dle1pyh27i1ydvbh94swpxdsw5", "fields": {"session_data": ".eJxVjMsKgzAURP_lriV4jQmaZff9Bsl9RG2LgtGV-O9VcNHCbGbOcHbo4rYO3ZZ16UaBAAjF70aR3zpdQF5x6mfD87QuI5nrYm6azXMW_Tzu759giHm4tGJtqlFbS4y157NKxQkdS0Jb-UZEMVpuSc_U1JbklKpGFUvvtTylFHsIO1gIWICD4I7jC5dBPXE:1lH1zn:JLdPuvUWYRN54JyS4qCofPxU1wNGUF_UByXhUticgPM", "expire_date": "2021-03-16T10:11:15.023Z"}}, {"model": "sessions.session", "pk": "t8kvq6f0qf5k5z3duzls4otxpkz4u6j1", "fields": {"session_data": "e30:1lKiFd:SE2VFXi5x4kCbrvrt9oZbwGj2U9QmyI9FhPO2VeWD8k", "expire_date": "2021-03-26T13:54:49.110Z"}}, {"model": "sessions.session", "pk": "y8b2dpt3e1eynjf1r7g5hn3zg8npzz1y", "fields": {"session_data": ".eJxVjMsKwjAURP8lawm5TRtal-79hpD7qI1KIk0LivjvNtCFwmxmznDeyod1mfxaZPaR1VGBOvxuGOgmqQK-hnTJmnJa5oi6XvROiz5nlvtp__4JplCmqmVrxxZksEjQOtoqNzRCRzyCbVzPLBAsDShbWhwMdoJNLwLGOTFVWqSUmJOX5yPOL3U0ny-zVT_s:1lUmwa:DJket0OdiGfL9cqLFQOYxxsBh7nW7Oh5UalEsgNo7K0", "expire_date": "2021-04-23T08:56:48.505Z"}}, {"model": "sessions.session", "pk": "ypmbkuvt4vn82q0fezxdxhhswr5rgdcp", "fields": {"session_data": ".eJxVjE0KgzAYRO-SdQmJ0aAuu-8ZQr4fNW1JilFoEe9eAy5amM3MG94mnF-Xya2ZZxdI9EKLy-8GHh8cC6C7j2OSmOIyB5DlIk-a5S0RP6_n908w-TwVLRkz1Jo7A6hri0elCgfdIA3aVLYlYu0NdsBHaugUNAxVy6yVtayKNHPOIUXH71eYP6JXFwF-FP2271_9YkK4:1lK0tX:h-7cWGmjCeRlSG9VVDEOI0vBbd4ZSP8s7ltWn-uys_M", "expire_date": "2021-03-24T15:37:07.410Z"}}, {"model": "sessions.session", "pk": "za1lzjt8p9j4stqjeplj7w4p0tz5k3kx", "fields": {"session_data": "e30:1lKiFt:32vOUgJlM0ieq5cCZ2dnlHHcfPvVDUGohZSWhIGN6lM", "expire_date": "2021-03-26T13:55:05.733Z"}}, {"model": "sites.site", "pk": 1, "fields": {"domain": "wildmile.example.com", "name": "Wild Mile"}}, {"model": "account.emailaddress", "pk": 1, "fields": {"user": 1, "email": "jamie120@hotmail.com", "verified": true, "primary": true}}, {"model": "account.emailaddress", "pk": 2, "fields": {"user": 2, "email": "test@test.com", "verified": true, "primary": true}}, {"model": "products.category", "pk": 1, "fields": {"name": "clothing", "friendly_name": "Clothing"}}, {"model": "products.category", "pk": 2, "fields": {"name": "stickers", "friendly_name": "Stickers"}}, {"model": "products.category", "pk": 3, "fields": {"name": "mugs", "friendly_name": "Mugs"}}, {"model": "products.category", "pk": 4, "fields": {"name": "listing_fee", "friendly_name": "Listing Fee"}}, {"model": "products.product", "pk": 3, "fields": {"category": 1, "sku": "pp5001730010", "name": "Wild Mile T-Shirt", "description": "Add a 5-star resort feel to your bedroom with the elegant Matte Satin Square coverlet set, featuring modern embroidered squares and flanged trim.  square embroidered pattern flanged-edge trim fabric is washable for easy care 3-piece set includes: coverlet 2 shams Polyester coverlet with cotton fill; polyester shams. Washable. Imported. Full/Queen: coverlet is 92x96\" King: coverlet is 110x96\"", "has_sizes": true, "price": "17.99", "rating": "4.70", "image_url": "http://s7d9.scene7.com/is/image/JCPenney/DP1230201417013175M.tif?hei=380&amp;wid=380&op_usm=.4,.8,0,0&resmode=sharp2&op_usm=1.5,.8,0,0&resmode=sharp", "image": "round-neck-t-shirt-mockup.png"}}, {"model": "products.product", "pk": 4, "fields": {"category": 3, "sku": "pp5001890157", "name": "Wild Mile Coffee Mug", "description": "An exhibition in contrast, this dinnerware sets simple, clean design is perfect for both everyday use and special occasions. durable stoneware construction microwave and oven safe service for 4 16-piece set includes: four 10\" dinner plates four 7\" dessert plates four 6\" bowls four 12-ounce mugs Stoneware. Dishwasher safe. Imported.", "has_sizes": false, "price": "7.99", "rating": "3.00", "image_url": "http://s7d9.scene7.com/is/image/JCPenney/DP0716201503423610M.tif?hei=380&amp;wid=380&op_usm=.4,.8,0,0&resmode=sharp2&op_usm=1.5,.8,0,0&resmode=sharp", "image": "coffee-mug-mockup.png"}}, {"model": "products.product", "pk": 5, "fields": {"category": 1, "sku": "pp5002111605", "name": "Wild Mile Crewneck", "description": "Durable enameled cast iron construction allows the panini pan to heat evenly, so you can whip up a meal with ease and complete confidence.  cooks with little to no oils or fats so every recipe is healthier nonstick interior for quick and easy clean-ups stainless steel knob on cover enameled cast iron heats evenly and consistently stove, broiler and oven safe Cast iron/stainless steel. Dishwasher safe. Imported.", "has_sizes": true, "price": "24.99", "rating": "5.00", "image_url": "http://s7d9.scene7.com/is/image/JCPenney/DP1115201210371197C.tif?hei=380&amp;wid=380&op_usm=.4,.8,0,0&resmode=sharp2&op_usm=1.5,.8,0,0&resmode=sharp", "image": "crewneck-mockup.png"}}, {"model": "products.product", "pk": 6, "fields": {"category": 1, "sku": "pp5002260206", "name": "Wild Mile Baseball Cap", "description": "Get a better basic tee in a size that truly fits with this pocket t-shirt from The Foundry Supply Co.  short-sleeve, crew-neck tee left chest pocket 100% cotton washable imported", "has_sizes": false, "price": "9.99", "rating": "4.70", "image_url": "http://s7d9.scene7.com/is/image/JCPenney/DP0624201520422666C.tif?hei=380&amp;wid=380&op_usm=.4,.8,0,0&resmode=sharp2&op_usm=1.5,.8,0,0&resmode=sharp", "image": "hat-mockup.png"}}, {"model": "products.product", "pk": 7, "fields": {"category": 4, "sku": "12345678", "name": "30 day Listing", "description": "List your conversion for free with us for 30 days during our special offer. This offer is available until 30/06/2021.\r\n\r\nUsual price £7.99", "has_sizes": false, "price": "0.00", "rating": null, "image_url": null, "image": "wild_mile_logo_square_lzHnXWC.png"}}, {"model": "conversions.category", "pk": 1, "fields": {"name": "camper_conversion", "friendly_name": "Campervans"}}, {"model": "conversions.category", "pk": 2, "fields": {"name": "mobile_bars_and_catering", "friendly_name": "Mobile Bars & Catering"}}, {"model": "conversions.electric", "pk": 2, "fields": {"name": "12V Electrics"}}, {"model": "conversions.electric", "pk": 3, "fields": {"name": "Mains Electric"}}, {"model": "conversions.electric", "pk": 4, "fields": {"name": "USB Sockets"}}, {"model": "conversions.electric", "pk": 5, "fields": {"name": "Leisure Battery"}}, {"model": "conversions.electric", "pk": 6, "fields": {"name": "Split Charge Relay"}}, {"model": "conversions.electric", "pk": 7, "fields": {"name": "Solar Panel"}}, {"model": "conversions.electric", "pk": 8, "fields": {"name": "Inverter"}}, {"model": "conversions.electric", "pk": 9, "fields": {"name": "240v Electrics"}}, {"model": "conversions.electric", "pk": 10, "fields": {"name": "240v Mains Charger"}}, {"model": "conversions.electric", "pk": 11, "fields": {"name": "240v Sign Off"}}, {"model": "conversions.camperconversion", "pk": 1, "fields": {"user": 2, "listing_title": "Mary Jane", "location": "Birmingham", "price": "1249.00", "phone_number": "7720902039", "name": "Jamie Rolls", "vehicle_make_and_model": "Ford Transit", "year": 2010, "category": 1, "transmission_type": "MT", "vehicle_length": 5, "vehicle_width": 5, "vehicle_height": 3, "current_mileage": 1234, "belted_seats": 3, "vehicle_description": "Lorem ipsum dolor sit amet, consectetur adipiscing elit. Nullam sed lacus urna. Nunc in dictum odio. Proin dictum turpis odio, eu volutpat neque porttitor vitae. Pellentesque malesuada lectus quis est mollis sodales. Ut feugiat tellus eget accumsan iaculis. Donec neque urna, sagittis in elit eleifend, facilisis sagittis nisi. In hac habitasse platea dictumst. Ut facilisis eleifend magna eu vehicula. In convallis varius nisi et iaculis. Cras pellentesque cursus nibh, ut condimentum ipsum mollis nec. Quisque semper arcu ac imperdiet euismod. Nullam molestie hendrerit magna, non sagittis erat ultrices non.", "berths": 6, "beds_description": "Lorem ipsum dolor sit amet, consectetur adipiscing elit. Nullam sed lacus urna. Nunc in dictum odio. Proin dictum turpis odio, eu volutpat neque porttitor vitae. Pellentesque malesuada lectus quis est mollis sodales. Ut feugiat tellus eget accumsan iaculis. Donec neque urna, sagittis in elit eleifend, facilisis sagittis nisi. In hac habitasse platea dictumst. Ut facilisis eleifend magna eu vehicula. In convallis varius nisi et iaculis. Cras pellentesque cursus nibh, ut condimentum ipsum mollis nec. Quisque semper arcu ac imperdiet euismod. Nullam molestie hendrerit m", "gas_sign_off": "NA", "max_weight": 4555, "unladen_weight_verified": true, "unladen_weight": 5676, "registered_vehicle_type": "C_VAN_REFIT", "conversion_description": "Lorem ipsum dolor sit amet, consectetur adipiscing elit. Nullam sed lacus urna. Nunc in dictum odio. Proin dictum turpis odio, eu volutpat neque porttitor vitae. Pellentesque malesuada lectus quis est mollis sodales. Ut feugiat tellus eget accumsan iaculis. Donec neque urna, sagittis in elit eleifend, facilisis sagittis nisi. In hac habitasse platea dictumst. Ut facilisis eleifend magna eu vehicula. In convallis varius nisi et iaculis. Cras pellentesque cursus nibh, ut condimentum ipsum mollis nec. Quisque semper arcu ac imperdiet euismod. Nullam molestie hendrerit magna, non sagittis erat ultrices non.\r\n\r\nEtiam facilisis molestie arcu et maximus. Curabitur nisi nisl, imperdiet sed turpis non, interdum molestie risus. Ut id vulputate nulla. Integer interdum est felis, sed lacinia tortor volutpat sodales. Etiam gravida et risus sit amet sollicitudin. Sed vel elementum sem. Praesent vestibulum pellentesque diam. Maecenas at leo ut lectus vulputate fermentum sagittis id augue.\r\n\r\nVestibulum a nisl risus. Cras bibendum sagittis eros, non venenatis ligula luctus id. Curabitur nec gravida purus, vel accumsan turpis. Quisque sed lacus sagittis, posuere risus vitae, convallis neque. Pellentesque habitant morbi tristique senectus et netus et malesuada fames ac turpis egestas. Morbi dictum elementum enim non fringilla. Vivamus rhoncus hendrerit lacus, id cursus nunc varius sit amet. Integer scelerisque finibus hendrerit.", "main_image": "IMG_4730_ZMZwb86.jpeg", "is_active": true, "unique_ref": "ef2291fa-503a-474e-9c56-6cdc984c6614", "electrics": [2, 3, 4, 5, 6, 7]}}, {"model": "conversions.camperconversion", "pk": 2, "fields": {"user": 1, "listing_title": "Rosie", "location": "Birmingham", "price": "6000.00", "phone_number": "7720902039", "name": "Jamie Rolls", "vehicle_make_and_model": "Ford", "year": 2010, "category": 2, "transmission_type": "AT", "vehicle_length": 6, "vehicle_width": 4, "vehicle_height": 4, "current_mileage": 1234, "belted_seats": 6, "vehicle_description": "Lorem ipsum dolor sit amet, consectetur adipiscing elit. Nullam sed lacus urna. Nunc in dictum odio. Proin dictum turpis odio, eu volutpat neque porttitor vitae. Pellentesque malesuada lectus quis est mollis sodales. Ut feugiat tellus eget accumsan iaculis. Donec neque urna, sagittis in elit eleifend, facilisis sagittis nisi. In hac habitasse platea dictumst. Ut facilisis eleifend magna eu vehicula. In convallis varius nisi et iaculis. Cras pellentesque cursus nibh, ut condimentum ipsum mollis nec. Quisque semper arcu ac imperdiet euismod. Nullam molestie hendrerit magna, non sagittis erat ultrices non.", "berths": 6, "beds_description": "beds_descriptionccumsan iaculis. Donec neque urna, sagittis in elit eleifend, facilisis sagittis nisi. In hac habitasse platea dictumst. Ut facilisis eleifend magna eu vehicula. In convallis varius nisi et iaculis. Cras pellentesque cursus nibh, ut condimentum ipsum mollis nec. Quisque semper arcu ac imperdiet euismod. Nullam molestie hendrerit magna, non sagittis erat ultrices non.", "gas_sign_off": "NA", "max_weight": 6788, "unladen_weight_verified": false, "unladen_weight": null, "registered_vehicle_type": "SPEC_VEH", "conversion_description": "Lorem ipsum dolor sit amet, consectetur adipiscing elit. Nullam sed lacus urna. Nunc in dictum odio. Proin dictum turpis odio, eu volutpat neque porttitor vitae. Pellentesque malesuada lectus quis est mollis sodales. Ut feugiat tellus eget accumsan iaculis. Donec neque urna, sagittis in elit eleifend, facilisis sagittis nisi. In hac habitasse platea dictumst. Ut facilisis eleifend magna eu vehicula. In convallis varius nisi et iaculis. Cras pellentesque cursus nibh, ut condimentum ipsum mollis nec. Quisque semper arcu ac imperdiet euismod. Nullam molestie hendrerit magna, non sagittis erat ultrices non.", "main_image": "amit-gaur-kdUqP23Hznc-unsplash.jpg", "is_active": false, "unique_ref": "ef2291fa-503a-474e-9c56-6cdc984c6617", "electrics": [3, 4, 7, 8, 10]}}, {"model": "conversions.camperconversion", "pk": 7, "fields": {"user": 1, "listing_title": "Shoma", "location": "Birmingham", "price": "3534.00", "phone_number": "435634543", "name": "Jamie Rolls", "vehicle_make_and_model": "Ford Transit", "year": 5454, "category": 2, "transmission_type": "MT", "vehicle_length": 55, "vehicle_width": 55, "vehicle_height": 55, "current_mileage": 1234, "belted_seats": 5, "vehicle_description": "5        template = 'conversions/add_conversion.html'\r\n        template = 'conversions/add_conversion.html'\r\n        template = 'conversions/add_conversion.html'\r\n        template = 'conversions/add_conversion.html'", "berths": 4, "beds_description": "template = 'conversions/add_conversion.html'\r\n        template = 'conversions/add_conversion.html'\r\n        template = 'conversions/add_conversion.html'", "gas_sign_off": "NA", "max_weight": 55428, "unladen_weight_verified": true, "unladen_weight": 4434, "registered_vehicle_type": "SPEC_VEH", "conversion_description": "template = 'conversions/add_conversion.html'\r\n        template = 'conversions/add_conversion.html'\r\n        template = 'conversions/add_conversion.html'\r\n        template = 'conversions/add_conversion.html'", "main_image": "aris-sfakianakis-hBz0sYwk6w0-unsplash_NQV81bj.jpg", "is_active": true, "unique_ref": "ef2291fa-503a-474e-9c56-6cdc984c6611", "electrics": [2, 3, 4, 5, 6, 7]}}, {"model": "conversions.camperconversion", "pk": 18, "fields": {"user": 1, "listing_title": "Chandler", "location": "jkhkjh", "price": "88.00", "phone_number": "88798", "name": "asjkfnaskj", "vehicle_make_and_model": "8hjkdsg", "year": 838, "category": 1, "transmission_type": "MT", "vehicle_length": 4, "vehicle_width": 4, "vehicle_height": 4, "current_mileage": 1234, "belted_seats": 3, "vehicle_description": "sdgdfsgfdghsdghds", "berths": 2, "beds_description": "fdgfdsgfsdgfdgsfdgf", "gas_sign_off": "NA", "max_weight": 34, "unladen_weight_verified": false, "unladen_weight": null, "registered_vehicle_type": "C_VAN_REFIT", "conversion_description": "dfgdfhsgfhsgdfhgfsd", "main_image": "peter-thomas-lTwogC-C9OA-unsplash.jpg", "is_active": true, "unique_ref": "ef2291fa-503a-474e-9c56-6cdc984c6613", "electrics": [2, 3, 4, 5, 6, 7, 8, 9, 10, 11]}}, {"model": "conversions.camperconversion", "pk": 20, "fields": {"user": 1, "listing_title": "Rachel", "location": "jsfsdfjk", "price": "687.00", "phone_number": "6787876", "name": "Jamie Rolls", "vehicle_make_and_model": "dodfdjfhsdjkh", "year": 678687, "category": 1, "transmission_type": "AT", "vehicle_length": 5, "vehicle_width": 5, "vehicle_height": 5, "current_mileage": 1234, "belted_seats": 3, "vehicle_description": "weterghfdhfgdhgfhdfghdfhgdhg", "berths": 4, "beds_description": "gdfshdgfhggdfhgdfhfdhgfdhfghdfhg", "gas_sign_off": "NA", "max_weight": 45, "unladen_weight_verified": true, "unladen_weight": 13, "registered_vehicle_type": "SPEC_VEH", "conversion_description": "dfgsfdhgfhdhdgdhgfdh", "main_image": "kitera-dent-6YmwlYnvZdA-unsplash.jpg", "is_active": true, "unique_ref": "332bb12a-61df-4ae2-82ec-c017befb93f2", "electrics": [7, 8, 9, 10, 11]}}, {"model": "conversions.camperconversion", "pk": 21, "fields": {"user": 1, "listing_title": "Joey", "location": "London", "price": "1249.00", "phone_number": "1234567890", "name": "Admin", "vehicle_make_and_model": "Ups Van", "year": 1995, "category": 1, "transmission_type": "MT", "vehicle_length": 3, "vehicle_width": 2, "vehicle_height": 2, "current_mileage": 140000, "belted_seats": 2, "vehicle_description": "Lorem ipsum dolor sit amet, consectetur adipiscing elit. Nulla pulvinar sagittis ipsum, ut fringilla tellus consequat in. Praesent suscipit purus sed felis ullamcorper, quis sollicitudin velit lobortis. Mauris in sagittis lectus, sit amet imperdiet velit. Aenean ornare ultricies libero in luctus. In lobortis sollicitudin magna, nec fermentum libero convallis id. Duis vitae est convallis, feugiat massa sed, porta lectus. Phasellus vel dignissim leo, ut gravida leo. Curabitur ullamcorper gravida sem et laoreet. Sed eu velit in dolor maximus maximus in in felis. Curabitur vulputate non erat sit amet hendrerit. Donec vitae ipsum maximus, venenatis elit vel, ullamcorper mi. Donec iaculis ut arcu nec molestie. Phasellus gravida in ante nec convallis. Pellentesque blandit interdum magna eget ornare.\r\n\r\nCras lobortis odio in erat finibus blandit. Interdum et malesuada fames ac ante ipsum primis in faucibus. Nulla a sagittis nisl. Phasellus vitae lectus justo. Etiam vitae gravida odio. Nunc sem ipsum, laoreet eu nunc id, auctor pellentesque dui. Morbi mollis mattis malesuada. Fusce porttitor sodales accumsan.", "berths": 1, "beds_description": "Lorem ipsum dolor sit amet, consectetur adipiscing elit. Nulla pulvinar sagittis ipsum, ut fringilla tellus consequat in. Praesent suscipit purus sed felis ullamcorper, quis sollicitudin velit lobortis. Mauris in sagittis lectus, sit amet imperdiet velit. Aenean ornare ultricies libero in luctus. In lobortis sollicitudin magna, nec fermentum libero convallis id. Duis vitae est convallis, feugiat massa sed, porta lectus. Phasellus vel dignissim leo, ut gravida leo. Curabitur ullamcorper gravida sem et laoreet. Sed eu velit in dolor maximus maximus in in felis. Curabitur vulputate non erat sit amet hendrerit. Donec vitae ipsum maximus, venenatis elit vel, ullamcorper mi. Donec iaculis ut arcu nec molestie. Phasellus gravida in ante nec convallis. Pellentesque blandit interdum magna eget ornare.\r\n\r\nCras lobortis odio in erat finibus blandit. Interdum et malesuada fames ac ante ipsum primis in faucibus. Nulla a sagittis nisl. Phasellus vitae lectus justo. Etiam vitae gravida odio. Nunc sem ipsum, laoreet eu nunc id, auctor pellentesque dui. Morbi mollis mattis malesuada. Fusce porttitor sodales accumsan.\r\n\r\nAenean ornare ultricies libero in luctus. In lobortis sollicitudin magna, nec fermentum libero convallis id. Duis vitae est convallis, feugiat massa sed, porta lectus. Phasellus vel dignissim leo, ut gravida leo. Curabitur ullamcorper gravida sem et laoreet. Sed eu velit in dolor maximus maximus in in felis. Curabitur vulputate non erat sit amet hendrerit. Donec vitae ipsum maximus, venenatis elit vel, ullamcorper mi. Donec iaculis ut arcu nec molestie. Phasellus gravida in ante nec convallis. Pellentesque blandit interdum magna eget ornare.", "gas_sign_off": "NO_GAS", "max_weight": 2000, "unladen_weight_verified": false, "unladen_weight": null, "registered_vehicle_type": "P_VAN", "conversion_description": "Aenean ornare ultricies libero in luctus. In lobortis sollicitudin magna, nec fermentum libero convallis id. Duis vitae est convallis, feugiat massa sed, porta lectus. Phasellus vel dignissim leo, ut gravida leo. Curabitur ullamcorper gravida sem et laoreet. Sed eu velit in dolor maximus maximus in in felis. Curabitur vulputate non erat sit amet hendrerit. Donec vitae ipsum maximus, venenatis elit vel, ullamcorper mi. Donec iaculis ut arcu nec molestie. Phasellus gravida in ante nec convallis. Pellentesque blandit interdum magna eget ornare.\r\n\r\nLorem ipsum dolor sit amet, consectetur adipiscing elit. Nulla pulvinar sagittis ipsum, ut fringilla tellus consequat in. Praesent suscipit purus sed felis ullamcorper, quis sollicitudin velit lobortis. Mauris in sagittis lectus, sit amet imperdiet velit. Aenean ornare ultricies libero in luctus. In lobortis sollicitudin magna, nec fermentum libero convallis id. Duis vitae est convallis, feugiat massa sed, porta lectus. Phasellus vel dignissim leo, ut gravida leo. Curabitur ullamcorper gravida sem et laoreet. Sed eu velit in dolor maximus maximus in in felis. Curabitur vulputate non erat sit amet hendrerit. Donec vitae ipsum maximus, venenatis elit vel, ullamcorper mi. Donec iaculis ut arcu nec molestie. Phasellus gravida in ante nec convallis. Pellentesque blandit interdum magna eget ornare.\r\n\r\nCras lobortis odio in erat finibus blandit. Interdum et malesuada fames ac ante ipsum primis in faucibus. Nulla a sagittis nisl. Phasellus vitae lectus justo. Etiam vitae gravida odio. Nunc sem ipsum, laoreet eu nunc id, auctor pellentesque dui. Morbi mollis mattis malesuada. Fusce porttitor sodales accumsan.", "main_image": "x-jWl7xpm2q64-unsplash.jpg", "is_active": true, "unique_ref": "1eb885de-7869-4ebd-8d29-c977084d5ef5", "electrics": [2, 5, 6]}}, {"model": "conversions.postimage", "pk": 1, "fields": {"conversion": 1, "image": "IMG_4297.JPG"}}, {"model": "conversions.postimage", "pk": 2, "fields": {"conversion": 1, "image": "IMG_4296.JPG"}}, {"model": "conversions.postimage", "pk": 3, "fields": {"conversion": 1, "image": "IMG_4728.jpeg"}}, {"model": "conversions.postimage", "pk": 4, "fields": {"conversion": 1, "image": "IMG_4293.JPG"}}, {"model": "conversions.postimage", "pk": 5, "fields": {"conversion": 1, "image": "IMG_4253_CeUKI4H.JPG"}}, {"model": "conversions.postimage", "pk": 7, "fields": {"conversion": 1, "image": "IMG_4730.jpeg"}}, {"model": "conversions.postimage", "pk": 11, "fields": {"conversion": 7, "image": "Screenshot_2021-02-09_at_08.52.38.png"}}, {"model": "conversions.postimage", "pk": 12, "fields": {"conversion": 7, "image": "Screenshot_2021-02-09_at_08.52.38_M4Jil3k.png"}}, {"model": "conversions.postimage", "pk": 13, "fields": {"conversion": 7, "image": "Screenshot_2021-02-20_at_09.31.20.png"}}, {"model": "conversions.postimage", "pk": 34, "fields": {"conversion": 20, "image": "wild_mile_logo_square_YdPZY53.png"}}, {"model": "conversions.postimage", "pk": 63, "fields": {"conversion": 2, "image": "Screenshot_2021-02-09_at_08.52.38_mgtitWM.png"}}, {"model": "conversions.postimage", "pk": 65, "fields": {"conversion": 2, "image": "kitera-dent-6YmwlYnvZdA-unsplash_qLATyZG.jpg"}}, {"model": "conversions.postimage", "pk": 66, "fields": {"conversion": 2, "image": "tristan-gevaux-lswn2ftWDxI-unsplash_AuxT9kL.jpg"}}, {"model": "conversions.postimage", "pk": 67, "fields": {"conversion": 2, "image": "x-jWl7xpm2q64-unsplash_xSMkDZq.jpg"}}, {"model": "checkout.order", "pk": 7, "fields": {"order_number": "C00D41913D7C4C0EB694863B8B6DF5D1", "user_profile": null, "full_name": "Jamie Rolls", "email": "jamie120@hotmail.com", "phone_number": "772902039", "country": "GB", "postcode": "B31 2QY", "town_or_city": "Birmingham", "street_address1": "48 South Road", "street_address2": "Northfield", "county": "West Midlands", "date": "2021-03-05T09:57:34.388Z", "delivery_cost": "0.00", "order_total": "89.94", "grand_total": "89.94", "original_bag": "{\"3\": {\"items_by_size\": {\"xs\": 6}}}", "stripe_pid": "pi_1IRaPCGvGwncWji0Bx7nXra8"}}, {"model": "checkout.order", "pk": 9, "fields": {"order_number": "2CB893DA8115402595BBCC6777FCF1CB", "user_profile": null, "full_name": "Jamie Rolls", "email": "jamie120@hotmail.com", "phone_number": "772902039", "country": "GB", "postcode": "B31 2QY", "town_or_city": "Birmingham", "street_address1": "48 South Road", "street_address2": "Northfield", "county": "West Midlands", "date": "2021-03-05T10:08:44.757Z", "delivery_cost": "0.00", "order_total": "59.96", "grand_total": "59.96", "original_bag": "{\"3\": {\"items_by_size\": {\"xl\": 4}}}", "stripe_pid": "pi_1IRaaFGvGwncWji0necYAihG"}}, {"model": "checkout.order", "pk": 13, "fields": {"order_number": "DDD9E469F6EE4CD19D0DA8F86FEA9643", "user_profile": null, "full_name": "Jamie Rolls", "email": "jamie120@hotmail.com", "phone_number": "772902039", "country": "GB", "postcode": "B31 2QY", "town_or_city": "Birmingham", "street_address1": "48 South Road", "street_address2": "Northfield", "county": "West Midlands", "date": "2021-03-05T10:19:56.488Z", "delivery_cost": "2.99", "order_total": "29.99", "grand_total": "32.98", "original_bag": "{\"5\": {\"items_by_size\": {\"xs\": 1}}}", "stripe_pid": "pi_1IRal3GvGwncWji0LHAMhV6G"}}, {"model": "checkout.order", "pk": 14, "fields": {"order_number": "5281D53790764C2C8C632060E713860B", "user_profile": null, "full_name": "Jamie Rolls", "email": "jamie120@hotmail.com", "phone_number": "772902039", "country": "GB", "postcode": "B31 2QY", "town_or_city": "Birmingham", "street_address1": "48 South Road", "street_address2": "Northfield", "county": "West Midlands", "date": "2021-03-05T10:26:39.106Z", "delivery_cost": "2.99", "order_total": "7.99", "grand_total": "10.98", "original_bag": "{\"4\": 1}", "stripe_pid": "pi_1IRarUGvGwncWji02tOKES0s"}}, {"model": "checkout.order", "pk": 15, "fields": {"order_number": "3DBF1AA9078C40A9A96F86A8E03476DB", "user_profile": null, "full_name": "Jamie Rolls", "email": "jamie120@hotmail.com", "phone_number": "772902039", "country": "GB", "postcode": "B31 2QY", "town_or_city": "Birmingham", "street_address1": "48 South Road", "street_address2": "Northfield", "county": "West Midlands", "date": "2021-03-05T10:27:21.499Z", "delivery_cost": "0.00", "order_total": "119.85", "grand_total": "119.85", "original_bag": "{\"4\": 15}", "stripe_pid": "pi_1IRasFGvGwncWji07oe2AmkW"}}, {"model": "checkout.order", "pk": 16, "fields": {"order_number": "5A3E13E0D4E54EFEA3E0059162FB5F76", "user_profile": null, "full_name": "Jamie Rolls", "email": "jamie120@hotmail.com", "phone_number": "772902039", "country": "GB", "postcode": "B31 2QY", "town_or_city": "Birmingham", "street_address1": "48 South Road", "street_address2": "Northfield", "county": "West Midlands", "date": "2021-03-05T10:31:00.868Z", "delivery_cost": "2.99", "order_total": "14.99", "grand_total": "17.98", "original_bag": "{\"3\": {\"items_by_size\": {\"xs\": 1}}}", "stripe_pid": "pi_1IRavoGvGwncWji0HsT6cRdY"}}, {"model": "checkout.order", "pk": 17, "fields": {"order_number": "B11E6EE5A5FC42D48BF35026AFABEDF4", "user_profile": null, "full_name": "Jamie Rolls", "email": "jamie120@hotmail.com", "phone_number": "772902039", "country": "GB", "postcode": "B31 2QY", "town_or_city": "Birmingham", "street_address1": "48 South Road", "street_address2": "Northfield", "county": "West Midlands", "date": "2021-03-05T10:31:55.989Z", "delivery_cost": "2.99", "order_total": "9.99", "grand_total": "12.98", "original_bag": "{\"6\": 1}", "stripe_pid": "pi_1IRawhGvGwncWji0TqFbhTSi"}}, {"model": "checkout.order", "pk": 18, "fields": {"order_number": "E8477B4DB193415AA3EF10A3440B6F7A", "user_profile": null, "full_name": "Jamie Rolls", "email": "jamie120@hotmail.com", "phone_number": "772902039", "country": "GB", "postcode": "B31 2QY", "town_or_city": "Birmingham", "street_address1": "48 South Road", "street_address2": "Northfield", "county": "West Midlands", "date": "2021-03-05T10:36:19.944Z", "delivery_cost": "2.99", "order_total": "29.99", "grand_total": "32.98", "original_bag": "{\"5\": {\"items_by_size\": {\"xs\": 1}}}", "stripe_pid": "pi_1IRb0gGvGwncWji0nblD6y0x"}}, {"model": "checkout.order", "pk": 19, "fields": {"order_number": "A76081A06A82410293D13F6F492D42D4", "user_profile": null, "full_name": "Jamie Rolls", "email": "jamie120@hotmail.com", "phone_number": "772902039", "country": "GB", "postcode": "B31 2QY", "town_or_city": "Birmingham", "street_address1": "48 South Road", "street_address2": "Northfield", "county": "West Midlands", "date": "2021-03-05T11:03:52.457Z", "delivery_cost": "2.99", "order_total": "9.99", "grand_total": "12.98", "original_bag": "{\"6\": 1}", "stripe_pid": "pi_1IRbRZGvGwncWji0QFsScnRZ"}}, {"model": "checkout.order", "pk": 20, "fields": {"order_number": "5CA2958731EC4B77BF6C22BF69C5EB6E", "user_profile": 1, "full_name": "Jamie Rolls", "email": "jamie120@hotmail.com", "phone_number": "07712677470", "country": "GB", "postcode": "B31 2QY", "town_or_city": "Birmingham", "street_address1": "48 South Road", "street_address2": "Northfield", "county": "West Midlands", "date": "2021-03-05T11:13:44.881Z", "delivery_cost": "0.00", "order_total": "59.96", "grand_total": "59.96", "original_bag": "{\"3\": {\"items_by_size\": {\"xs\": 4}}}", "stripe_pid": "pi_1IRbavGvGwncWji00EXaC8GD"}}, {"model": "checkout.order", "pk": 21, "fields": {"order_number": "450ED7C0E6184D28BE2FC1B1B1949CF8", "user_profile": 1, "full_name": "Jamie Rolls", "email": "jamie120@hotmail.com", "phone_number": "07720902222", "country": "GB", "postcode": "B31 2QY", "town_or_city": "Birmingham", "street_address1": "48 South Road", "street_address2": "Northfield", "county": "West Midlands", "date": "2021-03-05T11:24:24.619Z", "delivery_cost": "0.00", "order_total": "149.95", "grand_total": "149.95", "original_bag": "{\"5\": {\"items_by_size\": {\"xs\": 5}}}", "stripe_pid": "pi_1IRblEGvGwncWji01pL54zCb"}}, {"model": "checkout.order", "pk": 22, "fields": {"order_number": "CE1E8A36476D417883602313C7288516", "user_profile": 1, "full_name": "Jamie Rolls", "email": "jamie120@hotmail.com", "phone_number": "772902039", "country": "GB", "postcode": "B31 2QY", "town_or_city": "Birmingham", "street_address1": "48 South Road", "street_address2": "Northfield", "county": "West Midlands", "date": "2021-03-05T11:27:37.554Z", "delivery_cost": "2.99", "order_total": "14.99", "grand_total": "17.98", "original_bag": "{\"3\": {\"items_by_size\": {\"xs\": 1}}}", "stripe_pid": "pi_1IRboRGvGwncWji09YrcdxwX"}}, {"model": "checkout.order", "pk": 23, "fields": {"order_number": "442539B24045476C8C2069D6416A71F3", "user_profile": 1, "full_name": "Jamie Rolls", "email": "jamie120@hotmail.com", "phone_number": "772902039", "country": "GB", "postcode": "B31 2QY", "town_or_city": "Birmingham", "street_address1": "48 South Road", "street_address2": "Northfield", "county": "West Midlands", "date": "2021-03-05T11:28:12.018Z", "delivery_cost": "2.99", "order_total": "14.99", "grand_total": "17.98", "original_bag": "{\"3\": {\"items_by_size\": {\"xs\": 1}}}", "stripe_pid": "pi_1IRbp5GvGwncWji0ZLkxepwE"}}, {"model": "checkout.order", "pk": 24, "fields": {"order_number": "F081D5507A4B43B1A221994D90C51580", "user_profile": 1, "full_name": "Jamie Rolls", "email": "jamie120@hotmail.com", "phone_number": "772902039", "country": "GB", "postcode": "B31 2QY", "town_or_city": "Birmingham", "street_address1": "48 South Road", "street_address2": "Northfield", "county": "West Midlands", "date": "2021-03-05T11:33:48.999Z", "delivery_cost": "2.99", "order_total": "9.99", "grand_total": "12.98", "original_bag": "{\"6\": 1}", "stripe_pid": "pi_1IRbuUGvGwncWji0BZL5HPKX"}}, {"model": "checkout.order", "pk": 25, "fields": {"order_number": "3F9AC9121269451A8772AB36D03ABD81", "user_profile": 1, "full_name": "Jamie Rolls", "email": "jamie120@hotmail.com", "phone_number": "07712677470", "country": "GB", "postcode": "B31 2QY", "town_or_city": "Birmingham", "street_address1": "48 South Road", "street_address2": "Northfield", "county": "West Midlands", "date": "2021-03-05T11:40:11.917Z", "delivery_cost": "2.99", "order_total": "9.99", "grand_total": "12.98", "original_bag": "{\"6\": 1}", "stripe_pid": "pi_1IRc0VGvGwncWji03cyr0NzU"}}, {"model": "checkout.order", "pk": 26, "fields": {"order_number": "7588F8650CB643F69C9AAE60D613194B", "user_profile": 1, "full_name": "Jamie Rolls", "email": "jamie120@hotmail.com", "phone_number": "07712677470", "country": "GB", "postcode": "B31 2QY", "town_or_city": "Birmingham", "street_address1": "48 South Road", "street_address2": "Northfield", "county": "West Midlands", "date": "2021-03-05T15:57:28.513Z", "delivery_cost": "2.99", "order_total": "14.99", "grand_total": "17.98", "original_bag": "{\"3\": {\"items_by_size\": {\"xs\": 1}}}", "stripe_pid": "pi_1IRg1dGvGwncWji0BZn0kRi2"}}, {"model": "checkout.order", "pk": 27, "fields": {"order_number": "E8C47E7B21D4427C9C2B6681F2F6BDC9", "user_profile": 1, "full_name": "Jamie Rolls", "email": "jamie120@hotmail.com", "phone_number": "07712677470", "country": "GB", "postcode": "B31 2QY", "town_or_city": "Birmingham", "street_address1": "48 South Road", "street_address2": "Northfield", "county": "West Midlands", "date": "2021-03-05T16:13:37.406Z", "delivery_cost": "0.00", "order_total": "284.90", "grand_total": "284.90", "original_bag": "{\"3\": {\"items_by_size\": {\"xs\": 1}}, \"5\": {\"items_by_size\": {\"xs\": 9}}}", "stripe_pid": "pi_1IRgHMGvGwncWji0tcH8X79t"}}, {"model": "checkout.order", "pk": 28, "fields": {"order_number": "0FC06AB4253D4AB799ECAB5082985950", "user_profile": 1, "full_name": "Jamie Rolls", "email": "jamie120@hotmail.com", "phone_number": "07712677470", "country": "GB", "postcode": "B31 2QY", "town_or_city": "Birmingham", "street_address1": "48 South Road", "street_address2": "Northfield", "county": "West Midlands", "date": "2021-03-05T16:45:24.076Z", "delivery_cost": "2.99", "order_total": "14.99", "grand_total": "17.98", "original_bag": "{\"3\": {\"items_by_size\": {\"xs\": 1}}}", "stripe_pid": "pi_1IRfpJGvGwncWji0G7GeROGr"}}, {"model": "checkout.order", "pk": 29, "fields": {"order_number": "A630AE3F43884B45BAF244AC946EDA85", "user_profile": 2, "full_name": "Diana Test", "email": "test@test.com", "phone_number": "772902039", "country": "GB", "postcode": "B31 2QY", "town_or_city": "Birmingham", "street_address1": "48 South Road", "street_address2": "Northfield", "county": "West Midlands", "date": "2021-03-05T16:48:26.464Z", "delivery_cost": "2.99", "order_total": "29.99", "grand_total": "32.98", "original_bag": "{\"5\": {\"items_by_size\": {\"xs\": 1}}}", "stripe_pid": "pi_1IRfsEGvGwncWji073hpYD6d"}}, {"model": "checkout.order", "pk": 30, "fields": {"order_number": "0A45EC0314534E5990ED0A90B40EB15E", "user_profile": 1, "full_name": "Jamie Rolls", "email": "jamie120@hotmail.com", "phone_number": "07712677470", "country": "GB", "postcode": "B31 2QY", "town_or_city": "Birmingham", "street_address1": "48 South Road", "street_address2": "Northfield", "county": "West Midlands", "date": "2021-03-05T16:51:09.368Z", "delivery_cost": "2.99", "order_total": "14.99", "grand_total": "17.98", "original_bag": "{\"3\": {\"items_by_size\": {\"xs\": 1}}}", "stripe_pid": "pi_1IRfvsGvGwncWji0HJnSyQw7"}}, {"model": "checkout.order", "pk": 31, "fields": {"order_number": "1DC73004967E4D33AA865D2D5A1CC7A9", "user_profile": 1, "full_name": "Jamie Rolls", "email": "jamie120@hotmail.com", "phone_number": "07712677470", "country": "GB", "postcode": "B31 2QY", "town_or_city": "Birmingham", "street_address1": "48 South Road", "street_address2": "Northfield", "county": "West Midlands", "date": "2021-03-05T16:53:31.033Z", "delivery_cost": "2.99", "order_total": "14.99", "grand_total": "17.98", "original_bag": "{\"3\": {\"items_by_size\": {\"xs\": 1}}}", "stripe_pid": "pi_1IRfxsGvGwncWji0FzM7HMya"}}, {"model": "checkout.order", "pk": 32, "fields": {"order_number": "9345344B8E9F43A7A95AAE706A55DC64", "user_profile": 1, "full_name": "Jamie Rolls", "email": "jamie120@hotmail.com", "phone_number": "07712677470", "country": "GB", "postcode": "B31 2QY", "town_or_city": "Birmingham", "street_address1": "48 South Road", "street_address2": "Northfield", "county": "West Midlands", "date": "2021-03-10T13:26:27.899Z", "delivery_cost": "2.99", "order_total": "9.99", "grand_total": "12.98", "original_bag": "{\"7\": 2, \"6\": 1}", "stripe_pid": "pi_1ITS3FGvGwncWji0hUA2tpkA"}}, {"model": "checkout.order", "pk": 33, "fields": {"order_number": "907815E5187F4C40BCDEB850300A55EF", "user_profile": 1, "full_name": "Jamie Rolls", "email": "jamie120@hotmail.com", "phone_number": "07712677470", "country": "GB", "postcode": "B31 2QY", "town_or_city": "Birmingham", "street_address1": "48 South Road", "street_address2": "Northfield", "county": "West Midlands", "date": "2021-03-10T15:06:40.353Z", "delivery_cost": "2.99", "order_total": "29.99", "grand_total": "32.98", "original_bag": "{\"5\": {\"items_by_size\": {\"xs\": 1}}}", "stripe_pid": "pi_1ITTcHGvGwncWji0B1XHXuJM"}}, {"model": "checkout.order", "pk": 34, "fields": {"order_number": "619FEB385558422E9ED96940F866EE52", "user_profile": 1, "full_name": "Jamie Rolls", "email": "jamie120@hotmail.com", "phone_number": "07712677470", "country": "GB", "postcode": "B31 2QY", "town_or_city": "Birmingham", "street_address1": "48 South Road", "street_address2": "Northfield", "county": "West Midlands", "date": "2021-03-10T15:41:05.351Z", "delivery_cost": "2.99", "order_total": "14.99", "grand_total": "17.98", "original_bag": "{\"3\": {\"items_by_size\": {\"xs\": 1}}}", "stripe_pid": "pi_1ITU9bGvGwncWji0Y1as9gJX"}}, {"model": "checkout.order", "pk": 37, "fields": {"order_number": "19A9EFA18BD44FC0B7D7F729BF5C82D2", "user_profile": 1, "full_name": "Jamie Rolls", "email": "jamie120@hotmail.com", "phone_number": "07712677470", "country": "GB", "postcode": "B31 2QY", "town_or_city": "Birmingham", "street_address1": "48 South Road", "street_address2": "Northfield", "county": "West Midlands", "date": "2021-03-10T15:46:02.185Z", "delivery_cost": "2.99", "order_total": "14.99", "grand_total": "17.98", "original_bag": "{\"7\": {\"item_with_uuid\": {\"ef2291fa-503a-474e-9c56-6cdc984c6611\": \"ef2291fa-503a-474e-9c56-6cdc984c6611\"}}, \"3\": {\"items_by_size\": {\"xs\": 1}}}", "stripe_pid": "pi_1ITUENGvGwncWji0j7FAM3Xh"}}, {"model": "checkout.order", "pk": 38, "fields": {"order_number": "79A3BBC6EE7E43BD882727BE0F0E0A4B", "user_profile": 1, "full_name": "Jamie Rolls", "email": "jamie120@hotmail.com", "phone_number": "07712677470", "country": "GB", "postcode": "B31 2QY", "town_or_city": "Birmingham", "street_address1": "48 South Road", "street_address2": "Northfield", "county": "West Midlands", "date": "2021-03-10T16:07:39.700Z", "delivery_cost": "0.00", "order_total": "0.00", "grand_total": "0.00", "original_bag": "{\"7\": {\"item_with_uuid\": {\"ef2291fa-503a-474e-9c56-6cdc984c6611\": \"ef2291fa-503a-474e-9c56-6cdc984c6611\"}}}", "stripe_pid": "pi_1ITUZHGvGwncWji0elWWU5xz"}}, {"model": "checkout.order", "pk": 39, "fields": {"order_number": "91CB592AD499420E9B9EDAB74027D3C1", "user_profile": 1, "full_name": "Jamie Rolls", "email": "jamie120@hotmail.com", "phone_number": "07712677470", "country": "GB", "postcode": "B31 2QY", "town_or_city": "Birmingham", "street_address1": "48 South Road", "street_address2": "Northfield", "county": "West Midlands", "date": "2021-03-10T16:10:39.572Z", "delivery_cost": "0.00", "order_total": "0.00", "grand_total": "0.00", "original_bag": "{\"7\": {\"item_with_uuid\": {\"ef2291fa-503a-474e-9c56-6cdc984c6611\": \"ef2291fa-503a-474e-9c56-6cdc984c6611\"}}}", "stripe_pid": "pi_1ITUcCGvGwncWji0rE7SgYze"}}, {"model": "checkout.order", "pk": 40, "fields": {"order_number": "0D117FA924CF4B17B2883817700605E8", "user_profile": 1, "full_name": "Jamie Rolls", "email": "jamie120@hotmail.com", "phone_number": "07712677470", "country": "GB", "postcode": "B31 2QY", "town_or_city": "Birmingham", "street_address1": "48 South Road", "street_address2": "Northfield", "county": "West Midlands", "date": "2021-03-11T09:16:21.498Z", "delivery_cost": "0.00", "order_total": "0.00", "grand_total": "0.00", "original_bag": "{\"7\": {\"item_with_uuid\": {\"ef2291fa-503a-474e-9c56-6cdc984c6611\": \"ef2291fa-503a-474e-9c56-6cdc984c6611\"}}}", "stripe_pid": ""}}, {"model": "checkout.order", "pk": 41, "fields": {"order_number": "9D6C3D41D0944DE9B93889D3E04C320E", "user_profile": 1, "full_name": "Jamie Rolls", "email": "jamie120@hotmail.com", "phone_number": "07712677470", "country": "GB", "postcode": "B31 2QY", "town_or_city": "Birmingham", "street_address1": "48 South Road", "street_address2": "Northfield", "county": "West Midlands", "date": "2021-03-11T09:26:38.683Z", "delivery_cost": "0.00", "order_total": "0.00", "grand_total": "0.00", "original_bag": "{\"7\": {\"item_with_uuid\": {\"ef2291fa-503a-474e-9c56-6cdc984c6611\": \"ef2291fa-503a-474e-9c56-6cdc984c6611\"}}}", "stripe_pid": ""}}, {"model": "checkout.order", "pk": 42, "fields": {"order_number": "8312F62EF50E4EF59640C68C7A350491", "user_profile": 1, "full_name": "Jamie Rolls", "email": "jamie120@hotmail.com", "phone_number": "07712677470", "country": "GB", "postcode": "B31 2QY", "town_or_city": "Birmingham", "street_address1": "48 South Road", "street_address2": "Northfield", "county": "West Midlands", "date": "2021-03-11T09:28:18.603Z", "delivery_cost": "0.00", "order_total": "0.00", "grand_total": "0.00", "original_bag": "{\"7\": {\"item_with_uuid\": {\"ef2291fa-503a-474e-9c56-6cdc984c6611\": \"ef2291fa-503a-474e-9c56-6cdc984c6611\"}}}", "stripe_pid": ""}}, {"model": "checkout.order", "pk": 43, "fields": {"order_number": "C6D6A15B8FC4499EA069A2FAB8B041DB", "user_profile": 1, "full_name": "Jamie Rolls", "email": "jamie120@hotmail.com", "phone_number": "07720902039", "country": "GB", "postcode": "B31 2QY", "town_or_city": "Birmingham", "street_address1": "48 South Road", "street_address2": "Northfield", "county": "West Midlands", "date": "2021-03-12T18:01:42.610Z", "delivery_cost": "0.00", "order_total": "0.00", "grand_total": "0.00", "original_bag": "{\"7\": {\"item_with_uuid\": {\"ef2291fa-503a-474e-9c56-6cdc984c6617\": \"ef2291fa-503a-474e-9c56-6cdc984c6617\"}}}", "stripe_pid": ""}}, {"model": "checkout.order", "pk": 44, "fields": {"order_number": "3E83A094F5374F4E89C202CF5A94DF4C", "user_profile": 1, "full_name": "Jamie Rolls", "email": "jamie120@hotmail.com", "phone_number": "07720902039", "country": "GB", "postcode": "B31 2QY", "town_or_city": "Birmingham", "street_address1": "48 South Road", "street_address2": "Northfield", "county": "West Midlands", "date": "2021-03-12T18:23:03.694Z", "delivery_cost": "0.00", "order_total": "44.97", "grand_total": "44.97", "original_bag": "{\"3\": {\"items_by_size\": {\"s\": 3}}}", "stripe_pid": "pi_1IUFdJGvGwncWji0EaYbI5ky"}}, {"model": "checkout.order", "pk": 45, "fields": {"order_number": "76FCC36153514BE1BB89546855E15FCB", "user_profile": 1, "full_name": "Jamie Rolls", "email": "jamie120@hotmail.com", "phone_number": "07720902039", "country": "GB", "postcode": "B31 2QY", "town_or_city": "Birmingham", "street_address1": "48 South Road", "street_address2": "Northfield", "county": "West Midlands", "date": "2021-03-17T12:48:45.344Z", "delivery_cost": "0.00", "order_total": "0.00", "grand_total": "0.00", "original_bag": "{\"7\": {\"item_with_uuid\": {\"ef2291fa-503a-474e-9c56-6cdc984c6617\": \"ef2291fa-503a-474e-9c56-6cdc984c6617\"}}}", "stripe_pid": ""}}, {"model": "checkout.order", "pk": 46, "fields": {"order_number": "3CE6B6A9DAA6417E8EE0ECC8A5EE34D3", "user_profile": 1, "full_name": "Jamie Rolls", "email": "jamie120@hotmail.com", "phone_number": "07720902039", "country": "GB", "postcode": "B31 2QY", "town_or_city": "Birmingham", "street_address1": "48 South Road", "street_address2": "Northfield", "county": "West Midlands", "date": "2021-03-21T08:43:27.933Z", "delivery_cost": "0.00", "order_total": "0.00", "grand_total": "0.00", "original_bag": "{\"7\": {\"item_with_uuid\": {\"ef2291fa-503a-474e-9c56-6cdc984c6611\": \"ef2291fa-503a-474e-9c56-6cdc984c6611\"}}}", "stripe_pid": ""}}, {"model": "checkout.order", "pk": 47, "fields": {"order_number": "301FFB578BFE43628D1CC575D1AFE0B0", "user_profile": 1, "full_name": "Jamie Rolls", "email": "jamie120@hotmail.com", "phone_number": "07720902039", "country": "GB", "postcode": "B31 2QY", "town_or_city": "Birmingham", "street_address1": "48 South Road", "street_address2": "Northfield", "county": "West Midlands", "date": "2021-04-08T12:14:56.997Z", "delivery_cost": "0.00", "order_total": "0.00", "grand_total": "0.00", "original_bag": "{\"7\": {\"item_with_uuid\": {\"ef2291fa-503a-474e-9c56-6cdc984c6617\": \"ef2291fa-503a-474e-9c56-6cdc984c6617\"}}}", "stripe_pid": ""}}, {"model": "checkout.order", "pk": 48, "fields": {"order_number": "74A6B67DE1B84F4EA478B43A34482F6D", "user_profile": 1, "full_name": "Jamie Rolls", "email": "jamie120@hotmail.com", "phone_number": "07720902039", "country": "GB", "postcode": "B31 2QY", "town_or_city": "Birmingham", "street_address1": "48 South Road", "street_address2": "Northfield", "county": "West Midlands", "date": "2021-04-08T13:01:24.881Z", "delivery_cost": "2.99", "order_total": "17.99", "grand_total": "20.98", "original_bag": "{\"3\": {\"items_by_size\": {\"xs\": 1}}}", "stripe_pid": "pi_1IdxTyGvGwncWji0b2fUKgmT"}}, {"model": "checkout.orderlineitem", "pk": 7, "fields": {"order": 7, "product": 3, "product_size": "xs", "listing_uuid": null, "quantity": 6, "lineitem_total": "89.94"}}, {"model": "checkout.orderlineitem", "pk": 9, "fields": {"order": 9, "product": 3, "product_size": "xl", "listing_uuid": null, "quantity": 4, "lineitem_total": "59.96"}}, {"model": "checkout.orderlineitem", "pk": 13, "fields": {"order": 13, "product": 5, "product_size": "xs", "listing_uuid": null, "quantity": 1, "lineitem_total": "29.99"}}, {"model": "checkout.orderlineitem", "pk": 14, "fields": {"order": 14, "product": 4, "product_size": null, "listing_uuid": null, "quantity": 1, "lineitem_total": "7.99"}}, {"model": "checkout.orderlineitem", "pk": 15, "fields": {"order": 15, "product": 4, "product_size": null, "listing_uuid": null, "quantity": 15, "lineitem_total": "119.85"}}, {"model": "checkout.orderlineitem", "pk": 16, "fields": {"order": 16, "product": 3, "product_size": "xs", "listing_uuid": null, "quantity": 1, "lineitem_total": "14.99"}}, {"model": "checkout.orderlineitem", "pk": 17, "fields": {"order": 17, "product": 6, "product_size": null, "listing_uuid": null, "quantity": 1, "lineitem_total": "9.99"}}, {"model": "checkout.orderlineitem", "pk": 18, "fields": {"order": 18, "product": 5, "product_size": "xs", "listing_uuid": null, "quantity": 1, "lineitem_total": "29.99"}}, {"model": "checkout.orderlineitem", "pk": 19, "fields": {"order": 19, "product": 6, "product_size": null, "listing_uuid": null, "quantity": 1, "lineitem_total": "9.99"}}, {"model": "checkout.orderlineitem", "pk": 20, "fields": {"order": 20, "product": 3, "product_size": "xs", "listing_uuid": null, "quantity": 4, "lineitem_total": "59.96"}}, {"model": "checkout.orderlineitem", "pk": 21, "fields": {"order": 21, "product": 5, "product_size": "xs", "listing_uuid": null, "quantity": 5, "lineitem_total": "149.95"}}, {"model": "checkout.orderlineitem", "pk": 22, "fields": {"order": 22, "product": 3, "product_size": "xs", "listing_uuid": null, "quantity": 1, "lineitem_total": "14.99"}}, {"model": "checkout.orderlineitem", "pk": 23, "fields": {"order": 23, "product": 3, "product_size": "xs", "listing_uuid": null, "quantity": 1, "lineitem_total": "14.99"}}, {"model": "checkout.orderlineitem", "pk": 24, "fields": {"order": 24, "product": 6, "product_size": null, "listing_uuid": null, "quantity": 1, "lineitem_total": "9.99"}}, {"model": "checkout.orderlineitem", "pk": 25, "fields": {"order": 25, "product": 6, "product_size": null, "listing_uuid": null, "quantity": 1, "lineitem_total": "9.99"}}, {"model": "checkout.orderlineitem", "pk": 26, "fields": {"order": 26, "product": 3, "product_size": "xs", "listing_uuid": null, "quantity": 1, "lineitem_total": "14.99"}}, {"model": "checkout.orderlineitem", "pk": 27, "fields": {"order": 27, "product": 3, "product_size": "xs", "listing_uuid": null, "quantity": 1, "lineitem_total": "14.99"}}, {"model": "checkout.orderlineitem", "pk": 28, "fields": {"order": 27, "product": 5, "product_size": "xs", "listing_uuid": null, "quantity": 9, "lineitem_total": "269.91"}}, {"model": "checkout.orderlineitem", "pk": 29, "fields": {"order": 28, "product": 3, "product_size": "xs", "listing_uuid": null, "quantity": 1, "lineitem_total": "14.99"}}, {"model": "checkout.orderlineitem", "pk": 30, "fields": {"order": 29, "product": 5, "product_size": "xs", "listing_uuid": null, "quantity": 1, "lineitem_total": "29.99"}}, {"model": "checkout.orderlineitem", "pk": 31, "fields": {"order": 30, "product": 3, "product_size": "xs", "listing_uuid": null, "quantity": 1, "lineitem_total": "14.99"}}, {"model": "checkout.orderlineitem", "pk": 32, "fields": {"order": 31, "product": 3, "product_size": "xs", "listing_uuid": null, "quantity": 1, "lineitem_total": "14.99"}}, {"model": "checkout.orderlineitem", "pk": 33, "fields": {"order": 32, "product": 7, "product_size": null, "listing_uuid": null, "quantity": 2, "lineitem_total": "0.00"}}, {"model": "checkout.orderlineitem", "pk": 34, "fields": {"order": 32, "product": 6, "product_size": null, "listing_uuid": null, "quantity": 1, "lineitem_total": "9.99"}}, {"model": "checkout.orderlineitem", "pk": 35, "fields": {"order": 33, "product": 5, "product_size": "xs", "listing_uuid": null, "quantity": 1, "lineitem_total": "29.99"}}, {"model": "checkout.orderlineitem", "pk": 36, "fields": {"order": 34, "product": 3, "product_size": "xs", "listing_uuid": null, "quantity": 1, "lineitem_total": "14.99"}}, {"model": "checkout.orderlineitem", "pk": 37, "fields": {"order": 37, "product": 7, "product_size": null, "listing_uuid": "ef2291fa-503a-474e-9c56-6cdc984c6611", "quantity": 1, "lineitem_total": "0.00"}}, {"model": "checkout.orderlineitem", "pk": 38, "fields": {"order": 37, "product": 3, "product_size": "xs", "listing_uuid": null, "quantity": 1, "lineitem_total": "14.99"}}, {"model": "checkout.orderlineitem", "pk": 39, "fields": {"order": 38, "product": 7, "product_size": null, "listing_uuid": "ef2291fa-503a-474e-9c56-6cdc984c6611", "quantity": 1, "lineitem_total": "0.00"}}, {"model": "checkout.orderlineitem", "pk": 40, "fields": {"order": 39, "product": 7, "product_size": null, "listing_uuid": "ef2291fa-503a-474e-9c56-6cdc984c6611", "quantity": 1, "lineitem_total": "0.00"}}, {"model": "checkout.orderlineitem", "pk": 41, "fields": {"order": 40, "product": 7, "product_size": null, "listing_uuid": "ef2291fa-503a-474e-9c56-6cdc984c6611", "quantity": 1, "lineitem_total": "0.00"}}, {"model": "checkout.orderlineitem", "pk": 42, "fields": {"order": 41, "product": 7, "product_size": null, "listing_uuid": "ef2291fa-503a-474e-9c56-6cdc984c6611", "quantity": 1, "lineitem_total": "0.00"}}, {"model": "checkout.orderlineitem", "pk": 43, "fields": {"order": 42, "product": 7, "product_size": null, "listing_uuid": "ef2291fa-503a-474e-9c56-6cdc984c6611", "quantity": 1, "lineitem_total": "0.00"}}, {"model": "checkout.orderlineitem", "pk": 44, "fields": {"order": 43, "product": 7, "product_size": null, "listing_uuid": "ef2291fa-503a-474e-9c56-6cdc984c6617", "quantity": 1, "lineitem_total": "0.00"}}, {"model": "checkout.orderlineitem", "pk": 45, "fields": {"order": 44, "product": 3, "product_size": "s", "listing_uuid": null, "quantity": 3, "lineitem_total": "44.97"}}, {"model": "checkout.orderlineitem", "pk": 46, "fields": {"order": 45, "product": 7, "product_size": null, "listing_uuid": "ef2291fa-503a-474e-9c56-6cdc984c6617", "quantity": 1, "lineitem_total": "0.00"}}, {"model": "checkout.orderlineitem", "pk": 47, "fields": {"order": 46, "product": 7, "product_size": null, "listing_uuid": "ef2291fa-503a-474e-9c56-6cdc984c6611", "quantity": 1, "lineitem_total": "0.00"}}, {"model": "checkout.orderlineitem", "pk": 48, "fields": {"order": 47, "product": 7, "product_size": null, "listing_uuid": "ef2291fa-503a-474e-9c56-6cdc984c6617", "quantity": 1, "lineitem_total": "0.00"}}, {"model": "checkout.orderlineitem", "pk": 49, "fields": {"order": 48, "product": 3, "product_size": "xs", "listing_uuid": null, "quantity": 1, "lineitem_total": "17.99"}}, {"model": "profiles.userprofile", "pk": 1, "fields": {"user": 1, "default_phone_number": "07720902039", "default_street_address1": "48 South Road", "default_street_address2": "Northfield", "default_town_or_city": "Birmingham", "default_county": "West Midlands", "default_postcode": "B31 2QY", "default_country": "GB"}}, {"model": "profiles.userprofile", "pk": 2, "fields": {"user": 2, "default_phone_number": "772902039", "default_street_address1": "48 South Road", "default_street_address2": "Northfield", "default_town_or_city": "Birmingham", "default_county": "West Midlands", "default_postcode": "B31 2QY", "default_country": "GB"}}, {"model": "profiles.savedlistings", "pk": 20, "fields": {"user": 2, "conversion": 1, "status": true}}, {"model": "profiles.savedlistings", "pk": 21, "fields": {"user": 2, "conversion": 7, "status": true}}, {"model": "profiles.savedlistings", "pk": 44, "fields": {"user": 1, "conversion": 1, "status": true}}, {"model": "profiles.savedlistings", "pk": 45, "fields": {"user": 1, "conversion": 2, "status": true}}, {"model": "profiles.savedlistings", "pk": 47, "fields": {"user": 1, "conversion": 18, "status": true}}]